"obj","year","group","organisation","dept_group","org_code"
"org_2009",2009,"Civil Service","Civil Service benchmark",,
"org_2009",2009,"Attorney General's Departments","Attorney General's Office",,
"org_2009",2009,"Attorney General's Departments","Crown Prosecution Service",,
"org_2009",2009,"Attorney General's Departments","HM CPS Inspectorate",,
"org_2009",2009,"Attorney General's Departments","Serious Fraud Office",,
"org_2009",2009,"Attorney General's Departments","TSol",,
"org_2009",2009,"Business, Innovation and Skills","Department for Business, Innovation and Skills",,
"org_2009",2009,"Business, Innovation and Skills","Acas",,
"org_2009",2009,"Business, Innovation and Skills","Companies House",,
"org_2009",2009,"Business, Innovation and Skills","Insolvency Service",,
"org_2009",2009,"Business, Innovation and Skills","Intellectual Property Office",,
"org_2009",2009,"Business, Innovation and Skills","National Measurement Office",,
"org_2009",2009,"Business, Innovation and Skills","Office of Fair Trading",,
"org_2009",2009,"Cabinet Office","Cabinet Office",,
"org_2009",2009,"Cabinet Office","Central Office of Information",,
"org_2009",2009,"Cabinet Office","National School of Government",,
"org_2009",2009,"Child Maintenance and Enforcement Commission","Commission Executive",,
"org_2009",2009,"Child Maintenance and Enforcement Commission","Child Support Agency",,
"org_2009",2009,"Child Maintenance and Enforcement Commission","Corporate Services",,
"org_2009",2009,"Children, Schools and Families","Department for Children, Schools and Families",,
"org_2009",2009,"Communities and Local Government","Department for Communities and Local Government",,
"org_2009",2009,"Communities and Local Government","Fire Service College",,
"org_2009",2009,"Communities and Local Government","Government Equalities Office",,
"org_2009",2009,"Communities and Local Government","Government Office Network",,
"org_2009",2009,"Communities and Local Government","Ordnance Survey",,
"org_2009",2009,"Communities and Local Government","The Planning Inspectorate",,
"org_2009",2009,"Culture, Media and Sport","Department for Culture, Media and Sport",,
"org_2009",2009,"Culture, Media and Sport","The Royal Parks",,
"org_2009",2009,"Defence","Ministry of Defence",,
"org_2009",2009,"Defence","UK Hydrographic Office",,
"org_2009",2009,"Energy and Climate Change","Department of Energy and Climate Change",,
"org_2009",2009,"Environment, Food and Rural Affairs","Department for the Environment, Food and Rural Affairs",,
"org_2009",2009,"Environment, Food and Rural Affairs","Animal Health",,
"org_2009",2009,"Environment, Food and Rural Affairs","Centre for Environment, Fisheries and Aquaculture Science",,
"org_2009",2009,"Environment, Food and Rural Affairs","Food and Environment Research Agency",,
"org_2009",2009,"Environment, Food and Rural Affairs","Maritime and Fisheries Agency",,
"org_2009",2009,"Environment, Food and Rural Affairs","Rural Payments Agency",,
"org_2009",2009,"Environment, Food and Rural Affairs","Veterinary Laboratories Agency",,
"org_2009",2009,"Environment, Food and Rural Affairs","Veterinary Medicines Directorate",,
"org_2009",2009,"Export Credit Guarantee Department","Export Credit Guarantee Department",,
"org_2009",2009,"Food Standards Agency","Food Standards Agency",,
"org_2009",2009,"Food Standards Agency","Meat Hygiene Service",,
"org_2009",2009,"Foreign and Commonwealth Office","Foreign and Commonwealth Office",,
"org_2009",2009,"Foreign and Commonwealth Office","FCO Services",,
"org_2009",2009,"Foreign and Commonwealth Office","Wilton Park Executive Agency",,
"org_2009",2009,"Health","Department of Health",,
"org_2009",2009,"Health","Medicines and Healthcare Products Regulatory Agency",,
"org_2009",2009,"HM Revenue & Customs","HM Revenue & Customs",,
"org_2009",2009,"HM Revenue & Customs","Valuation Office Agency",,
"org_2009",2009,"HM Treasury","HM Treasury",,
"org_2009",2009,"Chancellor's Other Departments","Buying Solutions",,
"org_2009",2009,"Chancellor's Other Departments","National Savings and Investment",,
"org_2009",2009,"Chancellor's Other Departments","Office of Government Commerce",,
"org_2009",2009,"Chancellor's Other Departments","UK Debt Management Office",,
"org_2009",2009,"Home Office","Home Office",,
"org_2009",2009,"Home Office","Criminal Records Bureau",,
"org_2009",2009,"Home Office","Identity and Passport Service",,
"org_2009",2009,"Home Office","UK Border Agency",,
"org_2009",2009,"International Development","Department for International Development",,
"org_2009",2009,"Justice","Ministry of Justice",,
"org_2009",2009,"Justice","Criminal Injuries Compensation Authority",,
"org_2009",2009,"Justice","HM Courts Service",,
"org_2009",2009,"Justice","Land Registry",,
"org_2009",2009,"Justice","National Offender Management Service",,
"org_2009",2009,"Justice","Office of the Public Guardian",,
"org_2009",2009,"Justice","Scotland Office and Office of the Advocate General",,
"org_2009",2009,"Justice","Tribunal Service",,
"org_2009",2009,"Justice","Wales Office",,
"org_2009",2009,"Scottish Government","Scottish Government",,
"org_2009",2009,"Scottish Government","Accountant in Bankruptcy",,
"org_2009",2009,"Scottish Government","Crown Office and Procurator Fiscal Service",,
"org_2009",2009,"Scottish Government","Disclosure Scotland",,
"org_2009",2009,"Scottish Government","General Register Office for Scotland",,
"org_2009",2009,"Scottish Government","Historic Scotland",,
"org_2009",2009,"Scottish Government","HM Inspectorate of Education",,
"org_2009",2009,"Scottish Government","National Archives of Scotland",,
"org_2009",2009,"Scottish Government","Office of the Scottish Charity Regulator",,
"org_2009",2009,"Scottish Government","Registers of Scotland",,
"org_2009",2009,"Scottish Government","Scottish Housing Regulator",,
"org_2009",2009,"Scottish Government","Scottish Public Pensions Agency",,
"org_2009",2009,"Scottish Government","Social Work Inspection Authority",,
"org_2009",2009,"Scottish Government","Student Awards Agency for Scotland",,
"org_2009",2009,"Scottish Government","Transport Scotland",,
"org_2009",2009,"Transport","Department for Transport",,
"org_2009",2009,"Transport","Driver and Vehicle Licensing Agency",,
"org_2009",2009,"Transport","Driving Standards Agency",,
"org_2009",2009,"Transport","Government Car and Despatch Agency",,
"org_2009",2009,"Transport","Highways Agency",,
"org_2009",2009,"Transport","Maritime and Coastguard Agency",,
"org_2009",2009,"Transport","Office of Rail Regulation",,
"org_2009",2009,"Transport","Vehicle Certification Agency",,
"org_2009",2009,"Transport","Vehicle Operator Services Agency",,
"org_2009",2009,"UK Statistics Authority","UK Statistics Authority and Office for National Statistics",,
"org_2009",2009,"Work and Pensions","Department for Work and Pensions",,
"org_2009",2009,"Work and Pensions","Health and Safety Executive",,
"org_2010",2010,"Civil Service overall","Civil Service 2010 benchmark (median)",,
"org_2010",2010,"Attorney General's Departments","Attorney General's Office",,
"org_2010",2010,"Attorney General's Departments","Crown Prosecution Service",,
"org_2010",2010,"Attorney General's Departments","HM CPS Inspectorate",,
"org_2010",2010,"Attorney General's Departments","Serious Fraud Office",,
"org_2010",2010,"Attorney General's Departments","TSol",,
"org_2010",2010,"Business, Innovation and Skills, Department for","Acas",,
"org_2010",2010,"Business, Innovation and Skills, Department for","Companies House",,
"org_2010",2010,"Business, Innovation and Skills, Department for","Department for Business, Innovation & Skills (excluding agencies)",,
"org_2010",2010,"Business, Innovation and Skills, Department for","Insolvency Service",,
"org_2010",2010,"Business, Innovation and Skills, Department for","Intellectual Property Office",,
"org_2010",2010,"Business, Innovation and Skills, Department for","National Measurement Office",,
"org_2010",2010,"Business, Innovation and Skills, Department for","Office of Fair Trading",,
"org_2010",2010,"Cabinet Office","Buying Solutions",,
"org_2010",2010,"Cabinet Office","Cabinet Office (excluding agencies)",,
"org_2010",2010,"Cabinet Office","Central Office of Information",,
"org_2010",2010,"Cabinet Office","National School of Government",,
"org_2010",2010,"Cabinet Office","Office of Government Commerce",,
"org_2010",2010,"Charity Commission","Charity Commission",,
"org_2010",2010,"Communities and Local Government, Department for","Department for Communities and Local Government (excluding agencies)",,
"org_2010",2010,"Communities and Local Government, Department for","Fire Service College",,
"org_2010",2010,"Communities and Local Government, Department for","Government Office Network",,
"org_2010",2010,"Communities and Local Government, Department for","The Planning Inspectorate",,
"org_2010",2010,"Culture, Media and Sport, Department for","Department for Culture, Media and Sport (excluding agencies)",,
"org_2010",2010,"Culture, Media and Sport, Department for","The Royal Parks",,
"org_2010",2010,"Defence, Ministry of","Defence Support Group",,
"org_2010",2010,"Defence, Ministry of","Dstl",,
"org_2010",2010,"Defence, Ministry of","Met Office",,
"org_2010",2010,"Defence, Ministry of","Ministry of Defence (excluding agencies)",,
"org_2010",2010,"Defence, Ministry of","Ordnance Survey",,
"org_2010",2010,"Defence, Ministry of","UK Hydrographic Office",,
"org_2010",2010,"Education, Department for","Department for Education",,
"org_2010",2010,"Energy and Climate Change< Department of","Deptartment of Energy & Climate Change",,
"org_2010",2010,"Environment, Food and Rural Affairs, Department for","Animal Health",,
"org_2010",2010,"Environment, Food and Rural Affairs, Department for","Centre for Environment, Food and Aquaculture Science",,
"org_2010",2010,"Environment, Food and Rural Affairs, Department for","Department for Environment, Food and Rural Affairs (excluding agencies)",,
"org_2010",2010,"Environment, Food and Rural Affairs, Department for","Food and Environment Research Agency",,
"org_2010",2010,"Environment, Food and Rural Affairs, Department for","Rural Payments Agency",,
"org_2010",2010,"Environment, Food and Rural Affairs, Department for","Veterinary Laboratories Agency",,
"org_2010",2010,"Environment, Food and Rural Affairs, Department for","Veterinary Medicines Directorate",,
"org_2010",2010,"Export Credits Guarantee Department","Export Credits Guarantee Department",,
"org_2010",2010,"Food Standards Agency","Food Standards Agency",,
"org_2010",2010,"Foreign and Commonwealth Office","FCO Services",,
"org_2010",2010,"Foreign and Commonwealth Office","Foreign and Commonwealth Office (excluding agencies)",,
"org_2010",2010,"Foreign and Commonwealth Office","Wilton Park",,
"org_2010",2010,"Government Equalities Office","Government Equalities Office",,
"org_2010",2010,"Health, Department of","Department of Health (excluding agencies)",,
"org_2010",2010,"Health, Department of","Medicines and Healthcare products Regulatory Agency",,
"org_2010",2010,"HM Revenue and Customs","HM Revenue and Customs",,
"org_2010",2010,"HM Revenue and Customs","Valuation Office Agency",,
"org_2010",2010,"HM Treasury","Debt Management Office",,
"org_2010",2010,"HM Treasury","Government Actuary's Department",,
"org_2010",2010,"HM Treasury","HM Treasury (excluding agencies)",,
"org_2010",2010,"HM Treasury","National Savings & Investment",,
"org_2010",2010,"Home Office","Criminal Records Bureau",,
"org_2010",2010,"Home Office","Home Office (excluding agencies)",,
"org_2010",2010,"Home Office","Identity & Passport Service",,
"org_2010",2010,"Home Office","UK Border Agency",,
"org_2010",2010,"International Development, Department for","Department for International Development",,
"org_2010",2010,"Justice, Ministry of","HM Courts Service",,
"org_2010",2010,"Justice, Ministry of","Criminal Injuries Compensation Authority",,
"org_2010",2010,"Justice, Ministry of","Land Registry",,
"org_2010",2010,"Justice, Ministry of","Ministry of Justice (excluding agencies)",,
"org_2010",2010,"Justice, Ministry of","MoJ Arms Length Bodies",,
"org_2010",2010,"Justice, Ministry of","National Offender Management Service",,
"org_2010",2010,"Justice, Ministry of","Office of the Public Guardian",,
"org_2010",2010,"Justice, Ministry of","Scotland Office, Office of the Advocate General and Wales Office",,
"org_2010",2010,"Justice, Ministry of","The National Archives",,
"org_2010",2010,"Justice, Ministry of","Tribunals Service",,
"org_2010",2010,"Ofsted","Ofsted",,
"org_2010",2010,"Scottish Government","Accountant in Bankruptcy",,
"org_2010",2010,"Scottish Government","Crown Office and Procurator Fiscal Service",,
"org_2010",2010,"Scottish Government","Disclosure Scotland",,
"org_2010",2010,"Scottish Government","General Register Office for Scotland",,
"org_2010",2010,"Scottish Government","Historic Scotland",,
"org_2010",2010,"Scottish Government","HM Inspectorate of Education",,
"org_2010",2010,"Scottish Government","National Archives of Scotland",,
"org_2010",2010,"Scottish Government","Office of the Scottish Charity Regulator",,
"org_2010",2010,"Scottish Government","Registers of Scotland",,
"org_2010",2010,"Scottish Government","Scottish Court Service",,
"org_2010",2010,"Scottish Government","Scottish Government (excluding agencies)",,
"org_2010",2010,"Scottish Government","Scottish Housing Regulator",,
"org_2010",2010,"Scottish Government","Scottish Prison Service",,
"org_2010",2010,"Scottish Government","Scottish Public Pensions Agency",,
"org_2010",2010,"Scottish Government","Social Work Inspection Agency",,
"org_2010",2010,"Scottish Government","Student Awards Agency for Scotland",,
"org_2010",2010,"Scottish Government","Transport Scotland",,
"org_2010",2010,"Statistics Authority","UK Statistics Authority (including ONS)",,
"org_2010",2010,"Transport, Department for","Department for Transport (excluding agencies)",,
"org_2010",2010,"Transport, Department for","Driver and Vehicle Licensing Agency",,
"org_2010",2010,"Transport, Department for","Driving Standards Agency",,
"org_2010",2010,"Transport, Department for","Government Car and Despatch Agency",,
"org_2010",2010,"Transport, Department for","Highways Agency",,
"org_2010",2010,"Transport, Department for","Maritime and Coastguard Agency",,
"org_2010",2010,"Transport, Department for","Office of the Rail Regulator",,
"org_2010",2010,"Transport, Department for","Vehicle and Operator Services Agency",,
"org_2010",2010,"Transport, Department for","Vehicle Certification Agency",,
"org_2010",2010,"Welsh Assembly Government","Estyn",,
"org_2010",2010,"Welsh Assembly Government","Welsh Assembly Government",,
"org_2010",2010,"Work and Pensions, Department for","Child Maintenance and Enforcement Commission - Child Support Agency",,
"org_2010",2010,"Work and Pensions, Department for","Child Maintenance and Enforcement Commission - Commission Executive",,
"org_2010",2010,"Work and Pensions, Department for","Child Maintenance and Enforcement Commission - Corporate Services",,
"org_2010",2010,"Work and Pensions, Department for","Department for Work and Pensions (including Jobcentre Plus and Pensions, Disability & Carers Service)",,
"org_2010",2010,"Work and Pensions, Department for","Health and Safety Executive",,
"org_2011",2011,"Civil Service","Civil Service 2011 benchmark (median)",,
"org_2011",2011,"Attorney General's Departments","Attorney General's Office",,
"org_2011",2011,"Attorney General's Departments","Crown Prosecution Service",,
"org_2011",2011,"Attorney General's Departments","HM CPS Inspectorate",,
"org_2011",2011,"Attorney General's Departments","Serious Fraud Office",,
"org_2011",2011,"Attorney General's Departments","TSol",,
"org_2011",2011,"Business, Innovation and Skills","Department for Business, Innovation and Skills (excluding agencies)",,
"org_2011",2011,"Business, Innovation and Skills","Acas",,
"org_2011",2011,"Business, Innovation and Skills","Companies House",,
"org_2011",2011,"Business, Innovation and Skills","The Insolvency Service",,
"org_2011",2011,"Business, Innovation and Skills","UK Intellectual Property Office",,
"org_2011",2011,"Business, Innovation and Skills","Land Registry",,
"org_2011",2011,"Business, Innovation and Skills","Met Office",,
"org_2011",2011,"Business, Innovation and Skills","National Measurement Office",,
"org_2011",2011,"Business, Innovation and Skills","Office of Fair Trading",,
"org_2011",2011,"Business, Innovation and Skills","Ordnance Survey",,
"org_2011",2011,"Business, Innovation and Skills","Skils Funding Agency",,
"org_2011",2011,"Cabinet Office","Cabinet Office (excluding agencies)",,
"org_2011",2011,"Cabinet Office","Government Procurement Service",,
"org_2011",2011,"Charity Commission","Charity Commission",,
"org_2011",2011,"Communities and Local Government","Department for Communities and Local Government (excluding agencies)",,
"org_2011",2011,"Communities and Local Government","Fire Service College",,
"org_2011",2011,"Communities and Local Government","The Planning Inspectorate",,
"org_2011",2011,"Culture, Media and Sport","Department for Culture, Media and Sport (excluding agencies)",,
"org_2011",2011,"Culture, Media and Sport","The Royal Parks",,
"org_2011",2011,"Defence","Ministry of Defence (excluding agencies)",,
"org_2011",2011,"Defence","Defence Support Group",,
"org_2011",2011,"Defence","Dstl",,
"org_2011",2011,"Defence","UK Hydrographic Office",,
"org_2011",2011,"Education","Department for Education",,
"org_2011",2011,"Energy and Climate Change","Department of Energy and Climate Change",,
"org_2011",2011,"Environment, Food and Rural Affairs","Department for Environment, Food and Rural Affairs (excluding agencies)",,
"org_2011",2011,"Environment, Food and Rural Affairs","Animal Health and Veterinary Laboratories Agency",,
"org_2011",2011,"Environment, Food and Rural Affairs","Centre for Environment, Fisheries and Aquaculture Science",,
"org_2011",2011,"Environment, Food and Rural Affairs","Food and Environment Research Agency",,
"org_2011",2011,"Environment, Food and Rural Affairs","Rural Payments Agency",,
"org_2011",2011,"Environment, Food and Rural Affairs","Veterinary Medicines Directorate",,
"org_2011",2011,"Export Credits Guarantee Department","Export Credits Guarantee Department",,
"org_2011",2011,"Foreign and Commonwealth Office","Foreign and Commonwealth Office (excluding agencies)",,
"org_2011",2011,"Foreign and Commonwealth Office","FCO Services",,
"org_2011",2011,"Foreign and Commonwealth Office","Wilton Park Executive Agency",,
"org_2011",2011,"Health","Department for Health (excluding agencies)",,
"org_2011",2011,"Health","Food Standards Agency",,
"org_2011",2011,"Health","Medicines and Healthcare products Regulatory Agency",,
"org_2011",2011,"HM Revenue & Customs","HM Revenue & Customs",,
"org_2011",2011,"HM Revenue & Customs","Valuation Office Agency",,
"org_2011",2011,"HM Treasury","HM Treasury (excluding agencies)",,
"org_2011",2011,"HM Treasury","Debt Management Office",,
"org_2011",2011,"HM Treasury","Government Actuary's Department",,
"org_2011",2011,"HM Treasury","National Savings & Investment",,
"org_2011",2011,"Home Office","Home Office (excluding agencies)",,
"org_2011",2011,"Home Office","Criminal Records Bureau",,
"org_2011",2011,"Home Office","Identity and Passport Service",,
"org_2011",2011,"Home Office","UK Border Agency",,
"org_2011",2011,"International Development","Department for International Development",,
"org_2011",2011,"Justice","Ministry of Justice (excluding agencies)",,
"org_2011",2011,"Justice","MOJ Arms Length Bodies",,
"org_2011",2011,"Justice","Criminal Injuries Compensation Authority",,
"org_2011",2011,"Justice","HM Courts and Tribunals Service",,
"org_2011",2011,"Justice","Legal Services Commission",,
"org_2011",2011,"Justice","National Offender Management Service",,
"org_2011",2011,"Justice","Office of the Public Guardian",,
"org_2011",2011,"Justice","Scotland Office, Office of the Advocate General, Wales Office, and Northern Ireland Office",,
"org_2011",2011,"Justice","The National Archives",,
"org_2011",2011,"Office of Gas and Electricity Markets","Ofgem",,
"org_2011",2011,"Office of Qualifications and Examinations Regulation","Ofqual",,
"org_2011",2011,"Office of Standards in Education, Children's Services and Skills","Ofsted",,
"org_2011",2011,"Statistics Authority","UK Statistics Authority",,
"org_2011",2011,"Statistics Authority","Office for National Statistics",,
"org_2011",2011,"Transport","Department for Transport (excluding Agencies)",,
"org_2011",2011,"Transport","Driving Standards Agency",,
"org_2011",2011,"Transport","Driver and Vehicle Licensing Agency",,
"org_2011",2011,"Transport","Government Car and Despatch Agency",,
"org_2011",2011,"Transport","Highways Agency",,
"org_2011",2011,"Transport","Maritime and Coastguard Agency",,
"org_2011",2011,"Transport","Office of Rail Regulation",,
"org_2011",2011,"Transport","Vehicle Certification Agency",,
"org_2011",2011,"Transport","Vehicle and Operator Services Agency",,
"org_2011",2011,"Work and Pensions","Department for Work and Pensions",,
"org_2011",2011,"Work and Pensions","Child Maintenance and Enforcement Commission",,
"org_2011",2011,"Work and Pensions","Health and Safety Executive",,
"org_2011",2011,"Scottish Government","Scottish Government (excluding agencies)",,
"org_2011",2011,"Scottish Government","Accountant in Bankruptcy",,
"org_2011",2011,"Scottish Government","Crown Office and Procurator Fiscal Service",,
"org_2011",2011,"Scottish Government","Disclosure Scotland",,
"org_2011",2011,"Scottish Government","Education Scotland",,
"org_2011",2011,"Scottish Government","Historic Scotland",,
"org_2011",2011,"Scottish Government","National Records of Scotland",,
"org_2011",2011,"Scottish Government","Office of the Scottish Charity Regulator",,
"org_2011",2011,"Scottish Government","Registers of Scotland",,
"org_2011",2011,"Scottish Government","Student Awards Agency for Scotland",,
"org_2011",2011,"Scottish Government","Scottish Courts Service",,
"org_2011",2011,"Scottish Government","Scottish Housing Regulator",,
"org_2011",2011,"Scottish Government","Scottish Public Pensions Agency",,
"org_2011",2011,"Scottish Government","Scottish Prison Service",,
"org_2011",2011,"Scottish Government","Transport Scotland",,
"org_2011",2011,"Welsh Government","Welsh Government",,
"org_2011",2011,"Welsh Government","Estyn",,
"org_2012",2012,"Civil Service","Civil Service benchmark",,
"org_2012",2012,"Attorney General's departments","Attorney General's Office",,
"org_2012",2012,"Attorney General's departments","Crown Prosecution Service",,
"org_2012",2012,"Attorney General's departments","HM CPS Inspectorate",,
"org_2012",2012,"Attorney General's departments","Serious Fraud Office",,
"org_2012",2012,"Attorney General's departments","TSol",,
"org_2012",2012,"Business, Innovation and Skills","Department for Business, Innovation and Skills",,
"org_2012",2012,"Business, Innovation and Skills","Acas",,
"org_2012",2012,"Business, Innovation and Skills","Companies House",,
"org_2012",2012,"Business, Innovation and Skills","Insolvency Service",,
"org_2012",2012,"Business, Innovation and Skills","Intellectual Property Office",,
"org_2012",2012,"Business, Innovation and Skills","Land Registry",,
"org_2012",2012,"Business, Innovation and Skills","Met Office",,
"org_2012",2012,"Business, Innovation and Skills","National Measurement Office",,
"org_2012",2012,"Business, Innovation and Skills","Office of Fair Trading",,
"org_2012",2012,"Business, Innovation and Skills","Ordnance Survey",,
"org_2012",2012,"Business, Innovation and Skills","Skills Funding Agency",,
"org_2012",2012,"Cabinet Office","Cabinet Office",,
"org_2012",2012,"Cabinet Office","Government Procurement Service",,
"org_2012",2012,"Charity Commission","Charity Commission",,
"org_2012",2012,"Communities and Local Government","Department for Communities and Local Government",,
"org_2012",2012,"Communities and Local Government","The Planning Inspectorate",,
"org_2012",2012,"Culture, Media and Sport","Department for Culture, Media and Sport",,
"org_2012",2012,"Culture, Media and Sport","The Royal Parks",,
"org_2012",2012,"Defence","Ministry of Defence",,
"org_2012",2012,"Defence","Defence Support Group",,
"org_2012",2012,"Defence","Dstl",,
"org_2012",2012,"Defence","UK Hydrographic Office",,
"org_2012",2012,"Education","Department for Education",,
"org_2012",2012,"Energy and Climate Change","Department of Energy & Climate Change",,
"org_2012",2012,"Environment, Food and Rural Affairs","Department for Environment, Food and Rural Affairs",,
"org_2012",2012,"Environment, Food and Rural Affairs","Animal Health & Veterinary Laboratories Agency",,
"org_2012",2012,"Environment, Food and Rural Affairs","Centre for Environment, Fisheries and Aquaculture Science",,
"org_2012",2012,"Environment, Food and Rural Affairs","Food and Environment Research Agency",,
"org_2012",2012,"Environment, Food and Rural Affairs","Rural Payments Agency",,
"org_2012",2012,"Environment, Food and Rural Affairs","Veterinary Medicines Directorate",,
"org_2012",2012,"Estyn","Estyn",,
"org_2012",2012,"Food Standards Agency","Food Standards Agency",,
"org_2012",2012,"Foreign and Commonwealth Office","Foreign and Commonwealth Office",,
"org_2012",2012,"Foreign and Commonwealth Office","FCO Services",,
"org_2012",2012,"Foreign and Commonwealth Office","Wilton Park Executive Agency",,
"org_2012",2012,"Health","Department of Health",,
"org_2012",2012,"Health","Medicines and Healthcare Products Regulatory Agency",,
"org_2012",2012,"HM Revenue and Customs","HM Revenue & Customs",,
"org_2012",2012,"HM Revenue and Customs","Valuation Office Agency",,
"org_2012",2012,"HM Treasury","HM Treasury",,
"org_2012",2012,"Chancellor's other departments","Government Actuary's Department",,
"org_2012",2012,"Chancellor's other departments","National Savings and Investment",,
"org_2012",2012,"Chancellor's other departments","UK Debt Management Office",,
"org_2012",2012,"Home Office","Home Office",,
"org_2012",2012,"Home Office","Border Force",,
"org_2012",2012,"Home Office","Criminal Records Bureau",,
"org_2012",2012,"Home Office","Identity & Passport Service",,
"org_2012",2012,"Home Office","UK Border Agency",,
"org_2012",2012,"International Development","Department for International Development",,
"org_2012",2012,"Justice","Ministry of Justice",,
"org_2012",2012,"Justice","Criminal Injuries Compensation Authority",,
"org_2012",2012,"Justice","HM Courts and Tribunals Service",,
"org_2012",2012,"Justice","Legal Services Commission",,
"org_2012",2012,"Justice","MoJ Arms Length Bodies",,
"org_2012",2012,"Justice","National Offender Management Service",,
"org_2012",2012,"Justice","Office of the Public Guardian",,
"org_2012",2012,"Justice","The National Archives",,
"org_2012",2012,"Office of Gas and Electricity Markets","Ofgem",,
"org_2012",2012,"Office of Qualifications and Examinations Regulation","Ofqual",,
"org_2012",2012,"Office of Rail Regulation","Office of Rail Regulation",,
"org_2012",2012,"Office for Standards in Education","Ofsted",,
"org_2012",2012,"Scotland Office, Wales Office and Northern Ireland Office","Scotland Office, Office of the Advocate General, Wales Office and Northern Ireland Office",,
"org_2012",2012,"Scottish Government","Scottish Government",,
"org_2012",2012,"Scottish Government","Accountant in Bankruptcy",,
"org_2012",2012,"Scottish Government","Crown Office and Procurator Fiscal Service",,
"org_2012",2012,"Scottish Government","Disclosure Scotland",,
"org_2012",2012,"Scottish Government","Education Scotland",,
"org_2012",2012,"Scottish Government","Historic Scotland",,
"org_2012",2012,"Scottish Government","National Records of Scotland",,
"org_2012",2012,"Scottish Government","Office of the Scottish Charity Regulator",,
"org_2012",2012,"Scottish Government","Registers of Scotland",,
"org_2012",2012,"Scottish Government","Scottish Court Service",,
"org_2012",2012,"Scottish Government","Scottish Housing Regulator",,
"org_2012",2012,"Scottish Government","Scottish Prison Service",,
"org_2012",2012,"Scottish Government","Scottish Public Pensions Agency",,
"org_2012",2012,"Scottish Government","Scottish Tribunals Service",,
"org_2012",2012,"Scottish Government","Student Awards Agency for Scotland",,
"org_2012",2012,"Scottish Government","Transport Scotland",,
"org_2012",2012,"UK Statistics Authority","UK Statistics Authority",,
"org_2012",2012,"UK Statistics Authority","Office for National Statistics",,
"org_2012",2012,"Transport","Department for Transport",,
"org_2012",2012,"Transport","Driver and Vehicle Licensing Agency",,
"org_2012",2012,"Transport","Driving Standards Agency",,
"org_2012",2012,"Transport","Highways Agency",,
"org_2012",2012,"Transport","Maritime and Coastguard Agency",,
"org_2012",2012,"Transport","Vehicle Certification Agency",,
"org_2012",2012,"Transport","Vehicle Operator Services Agency",,
"org_2012",2012,"UK Export Finance","UK Export Finance",,
"org_2012",2012,"Welsh Government","Welsh Government",,
"org_2012",2012,"Work and Pensions","Department for Work and Pensions",,
"org_2012",2012,"Work and Pensions","Child Maintenance Group",,
"org_2012",2012,"Work and Pensions","Health and Safety Executive",,
"org_2013",2013,"Civil Service","Civil Service benchmark",,
"org_2013",2013,"Attorney General's Departments","Attorney General's Office",,
"org_2013",2013,"Attorney General's Departments","Crown Prosecution Service",,
"org_2013",2013,"Attorney General's Departments","HM CPS Inspectorate",,
"org_2013",2013,"Attorney General's Departments","Serious Fraud Office",,
"org_2013",2013,"Attorney General's Departments","TSol",,
"org_2013",2013,"Business, Innovation and Skills","Department for Business, Innovation and Skills",,
"org_2013",2013,"Business, Innovation and Skills","Acas",,
"org_2013",2013,"Business, Innovation and Skills","Companies House",,
"org_2013",2013,"Business, Innovation and Skills","Insolvency Service",,
"org_2013",2013,"Business, Innovation and Skills","Intellectual Property Office",,
"org_2013",2013,"Business, Innovation and Skills","Land Registry",,
"org_2013",2013,"Business, Innovation and Skills","Met Office",,
"org_2013",2013,"Business, Innovation and Skills","National Measurement Office",,
"org_2013",2013,"Business, Innovation and Skills","Office of Fair Trading",,
"org_2013",2013,"Business, Innovation and Skills","Ordnance Survey",,
"org_2013",2013,"Business, Innovation and Skills","Skills Funding Agency",,
"org_2013",2013,"Business, Innovation and Skills","UK Trade and Investment",,
"org_2013",2013,"Cabinet Office","Cabinet Office",,
"org_2013",2013,"Cabinet Office","Government Procurement Service",,
"org_2013",2013,"Charity Commission","Charity Commission",,
"org_2013",2013,"Communities and Local Government","Department for Communities and Local Government",,
"org_2013",2013,"Communities and Local Government","Planning Inspectorate",,
"org_2013",2013,"Culture, Media and Sport","Department for Culture, Media and Sport",,
"org_2013",2013,"Culture, Media and Sport","The Royal Parks",,
"org_2013",2013,"Defence","Ministry of Defence",,
"org_2013",2013,"Defence","Defence Support Group",,
"org_2013",2013,"Defence","Dstl",,
"org_2013",2013,"Defence","UK Hyrdographic Office",,
"org_2013",2013,"Education","Department for Education",,
"org_2013",2013,"Energy & Climate Change","Department of Energy & Climate Change",,
"org_2013",2013,"Environemnt, Food and Rural Affairs","Department for Environment, Food and Rural Affairs",,
"org_2013",2013,"Environemnt, Food and Rural Affairs","Animal Health and Veterinary Laboratories Agency",,
"org_2013",2013,"Environemnt, Food and Rural Affairs","Centre for Fisheries and Aquaculture Science",,
"org_2013",2013,"Environemnt, Food and Rural Affairs","Food and Environment Research Agency",,
"org_2013",2013,"Environemnt, Food and Rural Affairs","Rural Payments Agency",,
"org_2013",2013,"Environemnt, Food and Rural Affairs","Veterinary Medicines Directorate",,
"org_2013",2013,"Estyn","Estyn",,
"org_2013",2013,"Food Standards Agency","Food Standards Agency",,
"org_2013",2013,"Foreign and Commonwealth Office","Foreign and Commonwealth Office",,
"org_2013",2013,"Foreign and Commonwealth Office","FCO Services",,
"org_2013",2013,"Foreign and Commonwealth Office","Wilton Park",,
"org_2013",2013,"Health","Department of Health",,
"org_2013",2013,"Health","Medicines and Healthcare Products Regulatory Agency",,
"org_2013",2013,"Health","Public Health England",,
"org_2013",2013,"HM Revenue & Customs","HM Revenue & Customs",,
"org_2013",2013,"HM Revenue & Customs","Valuation Office Agency",,
"org_2013",2013,"HM Treasury","HM Treasury",,
"org_2013",2013,"Chancellors' Other Departments","Debt Management Office",,
"org_2013",2013,"Chancellors' Other Departments","Government Actuary's Department",,
"org_2013",2013,"Chancellors' Other Departments","National Savings and Investments",,
"org_2013",2013,"Home Office","Home Office (HQ)",,
"org_2013",2013,"Home Office","Border Force",,
"org_2013",2013,"Home Office","HM Passport Office",,
"org_2013",2013,"Home Office","Immigration Enforcement",,
"org_2013",2013,"Home Office","UK Visas and Immigration",,
"org_2013",2013,"Department for International Development","Department for International Development",,
"org_2013",2013,"Justice","Ministry of Justice (HQ)",,
"org_2013",2013,"Justice","Criminal Injuries Compensation Authority",,
"org_2013",2013,"Justice","HM Courts and Tribunal Service",,
"org_2013",2013,"Justice","Legal Aid Agency",,
"org_2013",2013,"Justice","MoJ Arms Length Bodies",,
"org_2013",2013,"Justice","National Offender Management Service",,
"org_2013",2013,"Justice","Office of the Public Guardian",,
"org_2013",2013,"Justice","The National Archives",,
"org_2013",2013,"National Crime Agency","National Crime Agency",,
"org_2013",2013,"Office of Gas and Electricity Markets","Ofgem",,
"org_2013",2013,"Office of Rail Regulation","Office of Rail Regulation",,
"org_2013",2013,"Office of Standards in Education","Ofsted",,
"org_2013",2013,"Scotland Office, Office of the Advocate General, Wales Office and Northern Ireland Office","Scotland Office, Office of the Advocate General, Wales Office and Northern Ireland Office",,
"org_2013",2013,"Scottish Government","Scottish Government",,
"org_2013",2013,"Scottish Government","Accountant in Bankruptcy",,
"org_2013",2013,"Scottish Government","Crown Office and Procurator Fiscal Service",,
"org_2013",2013,"Scottish Government","Disclosure Scotland",,
"org_2013",2013,"Scottish Government","Education Scotland",,
"org_2013",2013,"Scottish Government","Historic Scotland",,
"org_2013",2013,"Scottish Government","National Records of Scotland",,
"org_2013",2013,"Scottish Government","Office of the Scottish Charity Regulator",,
"org_2013",2013,"Scottish Government","Registers of Scotland",,
"org_2013",2013,"Scottish Government","Scottish Court Service",,
"org_2013",2013,"Scottish Government","Scottish Housing Regulator",,
"org_2013",2013,"Scottish Government","Scottish Prison Service",,
"org_2013",2013,"Scottish Government","Scottish Public Pensions Agency",,
"org_2013",2013,"Scottish Government","Scottish Tribunals Service",,
"org_2013",2013,"Scottish Government","Student Awards Agency Scotland",,
"org_2013",2013,"Scottish Government","Transport Scotland",,
"org_2013",2013,"Statistics","UK Statistics Authority",,
"org_2013",2013,"Statistics","Office of National Statistics",,
"org_2013",2013,"Transport","Department for Transport",,
"org_2013",2013,"Transport","Driver and Vehicle Licensing Agency",,
"org_2013",2013,"Transport","Driving Standards Agency",,
"org_2013",2013,"Transport","Highways Agency",,
"org_2013",2013,"Transport","Maritime and Coastguard Agency",,
"org_2013",2013,"Transport","Vehicle Certification Agency",,
"org_2013",2013,"Transport","Vehicle Operator Services Agency",,
"org_2013",2013,"UK Export Finance","UK Export Finance",,
"org_2013",2013,"Welsh Government","Welsh Government",,
"org_2013",2013,"Work and Pensions","Department for Work and Pensions",,
"org_2013",2013,"Work and Pensions","Health and Safety Executive",,
"org_2014",2014,"Civil Service","Civil Service benchmark (median)",,
"org_2014",2014,"Attorney General's Departments","Attorney General's Office",,
"org_2014",2014,"Attorney General's Departments","Crown Prosecution Service",,
"org_2014",2014,"Attorney General's Departments","HM Crown Prosecution Service Inspectorate",,
"org_2014",2014,"Attorney General's Departments","Serious Fraud Office",,
"org_2014",2014,"Attorney General's Departments","TSol",,
"org_2014",2014,"Business, Innovation & Skills","Department for Business, Innovation & Skills",,
"org_2014",2014,"Business, Innovation & Skills","Acas",,
"org_2014",2014,"Business, Innovation & Skills","Companies House",,
"org_2014",2014,"Business, Innovation & Skills","Competition and Markets Authority",,
"org_2014",2014,"Business, Innovation & Skills","Intellectual Property Office",,
"org_2014",2014,"Business, Innovation & Skills","Land Registry",,
"org_2014",2014,"Business, Innovation & Skills","Met Office",,
"org_2014",2014,"Business, Innovation & Skills","National Measurement Office",,
"org_2014",2014,"Business, Innovation & Skills","Ordnance Survey",,
"org_2014",2014,"Business, Innovation & Skills","Skills Funding Agency",,
"org_2014",2014,"Business, Innovation & Skills","The Insolvency Service",,
"org_2014",2014,"Business, Innovation & Skills","UK Trade and Investment",,
"org_2014",2014,"Cabinet Office","Cabinet Office",,
"org_2014",2014,"Cabinet Office","Crown Commercial Service",,
"org_2014",2014,"Charity Commission","Charity Commission",,
"org_2014",2014,"Communities and Local Government","Department for Communities and Local Government",,
"org_2014",2014,"Communities and Local Government","Planning Inspectorate",,
"org_2014",2014,"Culture, Media & Sport","Department for Culture, Media & Sport",,
"org_2014",2014,"Culture, Media & Sport","The Royal Parks",,
"org_2014",2014,"Defence","Ministry of Defence",,
"org_2014",2014,"Defence","Defence Equipment & Support",,
"org_2014",2014,"Defence","Defence Support Group",,
"org_2014",2014,"Defence","Dstl",,
"org_2014",2014,"Defence","UK Hydrographic Office",,
"org_2014",2014,"Education","Department for Education",,
"org_2014",2014,"Energy and Climate Change","Department of Energy and Climate Change",,
"org_2014",2014,"Environment, Food & Rural Affairs","Department for Environment, Food & Rural Affairs",,
"org_2014",2014,"Environment, Food & Rural Affairs","Animal and Plant Health Agency",,
"org_2014",2014,"Environment, Food & Rural Affairs","Centre for Environment, Food and Aquaculture Science",,
"org_2014",2014,"Environment, Food & Rural Affairs","Food and Environment Research Agency",,
"org_2014",2014,"Environment, Food & Rural Affairs","Rural Payments Agency",,
"org_2014",2014,"Environment, Food & Rural Affairs","Veterinary Medicines Directorate",,
"org_2014",2014,"Food Standards Agency","Food Standards Agency",,
"org_2014",2014,"Foreign & Commonwealth Office","Foreign & Commonwealth Office",,
"org_2014",2014,"Foreign & Commonwealth Office","FCO Services",,
"org_2014",2014,"Foreign & Commonwealth Office","Wilton Park",,
"org_2014",2014,"Health","Department of Health",,
"org_2014",2014,"Health","Medicines and Healthcare Products Regulatory Agency",,
"org_2014",2014,"Health","Public Health England",,
"org_2014",2014,"HM Revenue & Customs","HM Revenue & Customs",,
"org_2014",2014,"HM Revenue & Customs","Valuation Office Agency",,
"org_2014",2014,"HM Treasury","HM Treasury",,
"org_2014",2014,"HM Treasury","Debt Management Office",,
"org_2014",2014,"HM Treasury","Government Actuary's Department",,
"org_2014",2014,"HM Treasury","National Savings and Investments",,
"org_2014",2014,"Home Office","Home Office: Policy and Enablers",,
"org_2014",2014,"Home Office","HM Inspectorate of Constabulary",,
"org_2014",2014,"Home Office","HM Passport Office",,
"org_2014",2014,"Home Office","Home Office: Border Force",,
"org_2014",2014,"Home Office","Home Office: Immigration Enforcement",,
"org_2014",2014,"Home Office","Home Office: UK Visas and Immigration",,
"org_2014",2014,"International Development","Department for International Development",,
"org_2014",2014,"Justice","Ministry of Justice",,
"org_2014",2014,"Justice","Criminal Injuries Compensation Authority",,
"org_2014",2014,"Justice","HM Courts and Tribunals Service",,
"org_2014",2014,"Justice","HM Prison Service",,
"org_2014",2014,"Justice","Legal Aid Agency",,
"org_2014",2014,"Justice","MoJ Arms Length Bodies",,
"org_2014",2014,"Justice","National Offender Management Service (HQ)",,
"org_2014",2014,"Justice","National Probation Service",,
"org_2014",2014,"Justice","Office of the Public Guardian",,
"org_2014",2014,"Justice","The National Archives",,
"org_2014",2014,"National Crime Agency","National Crime Agency",,
"org_2014",2014,"Ofgem","Ofgem",,
"org_2014",2014,"Ofsted","Ofsted",,
"org_2014",2014,"Scottish Government","Scottish Government",,
"org_2014",2014,"Scottish Government","Accountant in Bankruptcy",,
"org_2014",2014,"Scottish Government","Crown Office and Procurator Fiscal Service",,
"org_2014",2014,"Scottish Government","Disclosure Scotland",,
"org_2014",2014,"Scottish Government","Education Scotland",,
"org_2014",2014,"Scottish Government","Historic Scotland and the Royal Commission on the Ancient and Historic Monuments of Scotland",,
"org_2014",2014,"Scottish Government","National Records of Scotland",,
"org_2014",2014,"Scottish Government","Office of the Scottish Charity Regulator",,
"org_2014",2014,"Scottish Government","Registers of Scotland",,
"org_2014",2014,"Scottish Government","Scottish Court Service",,
"org_2014",2014,"Scottish Government","Scottish Housing Regulator",,
"org_2014",2014,"Scottish Government","Scottish Prison Service",,
"org_2014",2014,"Scottish Government","Scottish Public Pensions Agency",,
"org_2014",2014,"Scottish Government","Scottish Tribunals Service",,
"org_2014",2014,"Scottish Government","Student Awards Agency for Scotland",,
"org_2014",2014,"Scottish Government","Transport Scotland",,
"org_2014",2014,"Territorial Offices","Scotland Office, Office of the Advocate General, Wales Office and Northern Ireland Office",,
"org_2014",2014,"Transport","Department for Transport",,
"org_2014",2014,"Transport","Driver and Vehicle Licensing Agency",,
"org_2014",2014,"Transport","Driver and Vehicle Standards Agency",,
"org_2014",2014,"Transport","Highways Agency",,
"org_2014",2014,"Transport","Maritime and Coastguard Agency",,
"org_2014",2014,"Transport","Office of Rail Regulation",,
"org_2014",2014,"Transport","Vehicle Certification Agency",,
"org_2014",2014,"UK Export Finance","UK Export Finance",,
"org_2014",2014,"UK Statistics Authority","UK Statistics Authority",,
"org_2014",2014,"UK Statistics Authority","Office for National Statistics",,
"org_2014",2014,"Welsh Government","Welsh Government",,
"org_2014",2014,"Welsh Government","Estyn",,
"org_2014",2014,"Work and Pensions","Department for Work and Pensions",,
"org_2014",2014,"Work and Pensions","Health and Safety Executive",,
"org_2015",2015,"Civil Service","Civil Service benchmark (median)",,
"org_2015",2015,"Attorney General's Departments","Attorney General's Office",,
"org_2015",2015,"Attorney General's Departments","Crown Prosecution Service",,
"org_2015",2015,"Attorney General's Departments","HM Crown Prosecution Service Inspectorate",,
"org_2015",2015,"Attorney General's Departments","Serious Fraud Office",,
"org_2015",2015,"Attorney General's Departments","Government Legal Department",,
"org_2015",2015,"Business, Innovation & Skills","Department for Business, Innovation & Skills",,
"org_2015",2015,"Business, Innovation & Skills","Acas",,
"org_2015",2015,"Business, Innovation & Skills","Companies House",,
"org_2015",2015,"Business, Innovation & Skills","Competition and Markets Authority",,
"org_2015",2015,"Business, Innovation & Skills","Intellectual Property Office",,
"org_2015",2015,"Business, Innovation & Skills","Land Registry",,
"org_2015",2015,"Business, Innovation & Skills","Met Office",,
"org_2015",2015,"Business, Innovation & Skills","National Measurement and Regulation Office",,
"org_2015",2015,"Business, Innovation & Skills","Skills Funding Agency",,
"org_2015",2015,"Business, Innovation & Skills","The Insolvency Service",,
"org_2015",2015,"Business, Innovation & Skills","UK Trade and Investment",,
"org_2015",2015,"Cabinet Office","Cabinet Office",,
"org_2015",2015,"Cabinet Office","Crown Commercial Service",,
"org_2015",2015,"Charity Commission","Charity Commission",,
"org_2015",2015,"Communities and Local Government","Department for Communities and Local Government",,
"org_2015",2015,"Communities and Local Government","Planning Inspectorate",,
"org_2015",2015,"Culture, Media & Sport","Department for Culture, Media & Sport",,
"org_2015",2015,"Culture, Media & Sport","The Royal Parks",,
"org_2015",2015,"Culture, Media & Sport","The National Archives",,
"org_2015",2015,"Defence","Ministry of Defence",,
"org_2015",2015,"Defence","Defence Equipment & Support",,
"org_2015",2015,"Defence","Defence Electronics and Components Agency",,
"org_2015",2015,"Defence","Dstl",,
"org_2015",2015,"Defence","UK Hydrographic Office",,
"org_2015",2015,"Department for Education","Department for Education",,
"org_2015",2015,"Department of Energy and Climate Change","Department of Energy and Climate Change",,
"org_2015",2015,"Environment, Food & Rural Affairs","Department for Environment, Food & Rural Affairs",,
"org_2015",2015,"Environment, Food & Rural Affairs","Animal and Plant Health Agency",,
"org_2015",2015,"Environment, Food & Rural Affairs","Centre for Environment, Fisheries and Aquaculture Science",,
"org_2015",2015,"Environment, Food & Rural Affairs","Rural Payments Agency",,
"org_2015",2015,"Environment, Food & Rural Affairs","Veterinary Medicines Directorate",,
"org_2015",2015,"Food Standards Agency","Food Standards Agency",,
"org_2015",2015,"Foreign & Commonwealth Office","Foreign & Commonwealth Office",,
"org_2015",2015,"Foreign & Commonwealth Office","FCO Services",,
"org_2015",2015,"Foreign & Commonwealth Office","Wilton Park",,
"org_2015",2015,"Government Actuary's Department","Government Actuary's Department",,
"org_2015",2015,"Health","Department of Health",,
"org_2015",2015,"Health","Medicines and Healthcare Products Regulatory Agency",,
"org_2015",2015,"Health","Public Health England",,
"org_2015",2015,"HM Inspectorate of Constabulary","HM Inspectorate of Constabulary",,
"org_2015",2015,"HM Revenue & Customs","HM Revenue & Customs",,
"org_2015",2015,"HM Revenue & Customs","Valuation Office Agency",,
"org_2015",2015,"HM Treasury and Chancellor's other departments","HM Treasury",,
"org_2015",2015,"HM Treasury and Chancellor's other departments","UK Debt Management Office",,
"org_2015",2015,"HM Treasury and Chancellor's other departments","Government Internal Audit Agency",,
"org_2015",2015,"Home Office","Home Office group",,
"org_2015",2015,"Home Office","Home Office: Policy and Enablers (formerly known as Home Office HQ)",,
"org_2015",2015,"Home Office","Home Office: Border Force",,
"org_2015",2015,"Home Office","Home Office: Immigration Enforcement",,
"org_2015",2015,"Home Office","Home Office: UK Visas and Immigration",,
"org_2015",2015,"Home Office","HM Passport Office",,
"org_2015",2015,"International Development","Department for International Development",,
"org_2015",2015,"Justice","Ministry of Justice (including agencies)",,
"org_2015",2015,"Justice","Ministry of Justice (HQ)",,
"org_2015",2015,"Justice","Criminal Injuries Compensation Authority",,
"org_2015",2015,"Justice","HM Courts and Tribunals Service",,
"org_2015",2015,"Justice","HM Prison Service",,
"org_2015",2015,"Justice","Legal Aid Agency",,
"org_2015",2015,"Justice","MoJ Arms Length Bodies",,
"org_2015",2015,"Justice","National Offender Management Service (HQ)",,
"org_2015",2015,"Justice","National Probation Service",,
"org_2015",2015,"Justice","Office of the Public Guardian",,
"org_2015",2015,"National Crime Agency","National Crime Agency",,
"org_2015",2015,"National Savings and Investments","National Savings and Investments",,
"org_2015",2015,"Ofgem","Ofgem",,
"org_2015",2015,"Ofsted","Ofsted",,
"org_2015",2015,"Scottish Government","Scottish Government",,
"org_2015",2015,"Scottish Government","Accountant in Bankruptcy",,
"org_2015",2015,"Scottish Government","Crown Office and Procurator Fiscal Service",,
"org_2015",2015,"Scottish Government","Disclosure Scotland",,
"org_2015",2015,"Scottish Government","Education Scotland",,
"org_2015",2015,"Scottish Government","National Records of Scotland",,
"org_2015",2015,"Scottish Government","Office of the Scottish Charity Regulator",,
"org_2015",2015,"Scottish Government","Registers of Scotland",,
"org_2015",2015,"Scottish Government","Revenue Scotland",,
"org_2015",2015,"Scottish Government","Scottish Courts and Tribunals Service",,
"org_2015",2015,"Scottish Government","Scottish Housing Regulator",,
"org_2015",2015,"Scottish Government","Scottish Prison Service",,
"org_2015",2015,"Scottish Government","Scottish Public Pensions Agency",,
"org_2015",2015,"Scottish Government","Student Awards Agency for Scotland",,
"org_2015",2015,"Scottish Government","Transport Scotland",,
"org_2015",2015,"Teritorial Offices","Scotland Office, Office of the Advocate General, Wales Office and Northern Ireland Office combined",,
"org_2015",2015,"Transport","Department for Transport",,
"org_2015",2015,"Transport","Driver and Vehicle Licensing Agency",,
"org_2015",2015,"Transport","Driver and Vehicle Standards Agency",,
"org_2015",2015,"Transport","Maritime and Coastguard Agency",,
"org_2015",2015,"Transport","Office of Rail and Road",,
"org_2015",2015,"Transport","Vehicle Certification Agency",,
"org_2015",2015,"UK Export Finance","UK Export Finance",,
"org_2015",2015,"UK Statistics Authority","UK Statistics Authority (including ONS)",,
"org_2015",2015,"Welsh Government","Estyn",,
"org_2015",2015,"Work and Pensions","Department for Work and Pensions",,
"org_2015",2015,"Work and Pensions","Health and Safety Executive",,
"org_2016",2016,,"Civil Service benchmark (median)","Civil Service","CIVILSERVICE"
"org_2016",2016,,"Attorney General's Office","Attorney General's departments","AGO"
"org_2016",2016,,"Crown Prosecution Service","Attorney General's departments","CPS"
"org_2016",2016,,"HM Crown Prosecution Service Inspectorate","Attorney General's departments","HMCPSI"
"org_2016",2016,,"Serious Fraud Office","Attorney General's departments","SFO"
"org_2016",2016,,"Department for Business, Energy & Industrial Strategy","Business, Energy & Industrial Strategy","BEIS"
"org_2016",2016,,"Acas","Business, Energy & Industrial Strategy","ACAS"
"org_2016",2016,,"Companies House","Business, Energy & Industrial Strategy","CH"
"org_2016",2016,,"Competition and Markets Authority","Business, Energy & Industrial Strategy","CMA"
"org_2016",2016,,"Intellectual Property Office","Business, Energy & Industrial Strategy","IPO"
"org_2016",2016,,"Land Registry","Business, Energy & Industrial Strategy","LR"
"org_2016",2016,,"Met Office","Business, Energy & Industrial Strategy","MET"
"org_2016",2016,,"The Insolvency Service","Business, Energy & Industrial Strategy","INSS"
"org_2016",2016,,"Cabinet Office","Cabinet Office","CO"
"org_2016",2016,,"Crown Commercial Service","Cabinet Office","CCS"
"org_2016",2016,,"Civil Service HR","Cabinet Office","CSHR"
"org_2016",2016,,"Charity Commission","Charity Commission","CC"
"org_2016",2016,,"Department for Communities and Local Government","Communities and Local Government","DCLG"
"org_2016",2016,,"Planning Inspectorate","Communities and Local Government","PINS"
"org_2016",2016,,"Department for Culture, Media & Sport","Culture, Media & Sport","DCMS"
"org_2016",2016,,"The Royal Parks","Culture, Media & Sport","TRP"
"org_2016",2016,,"The National Archives","Culture, Media & Sport","TNA"
"org_2016",2016,,"Ministry of Defence","Defence","MOD"
"org_2016",2016,,"Defence Equipment & Support","Defence","DES"
"org_2016",2016,,"Defence Electronics and Components Agency","Defence","DECA"
"org_2016",2016,,"Dstl","Defence","DSTL"
"org_2016",2016,,"UK Hydrographic Office","Defence","UKHO"
"org_2016",2016,,"Department for Exiting the European Union","Department for Exiting the European Union","DEEU"
"org_2016",2016,,"Department for International Trade","Department for International Trade","DIT"
"org_2016",2016,,"Department for International Development","Department for International Development","DFID"
"org_2016",2016,,"Department for Education","Department for Education","DFE"
"org_2016",2016,,"Skills Funding Agency","Department for Education","SFA"
"org_2016",2016,,"Department for Environment, Food & Rural Affairs","Environment, Food & Rural Affairs","DEFRA"
"org_2016",2016,,"Animal and Plant Health Agency","Environment, Food & Rural Affairs","APHA"
"org_2016",2016,,"Centre for Environment, Fisheries and Aquaculture Science","Environment, Food & Rural Affairs","CEFAS"
"org_2016",2016,,"Rural Payments Agency","Environment, Food & Rural Affairs","RPA"
"org_2016",2016,,"Veterinary Medicines Directorate","Environment, Food & Rural Affairs","VMD"
"org_2016",2016,,"Food Standards Agency","Food Standards Agency","FSA"
"org_2016",2016,,"Foreign & Commonwealth Office","Foreign & Commonwealth Office","FCO"
"org_2016",2016,,"FCO Services","Foreign & Commonwealth Office","FCOS"
"org_2016",2016,,"Wilton Park","Foreign & Commonwealth Office","WPEA"
"org_2016",2016,,"Government Actuary's Department","Government Actuary's Department","GAD"
"org_2016",2016,,"Government Legal Department","Government Legal Department","GLD"
"org_2016",2016,,"Department of Health","Health","DH"
"org_2016",2016,,"Medicines and Healthcare Products Regulatory Agency","Health","MHRA"
"org_2016",2016,,"Public Health England","Health","PHE"
"org_2016",2016,,"HM Inspectorate of Constabulary","HM Inspectorate of Constabulary","HMIC"
"org_2016",2016,,"HM Revenue & Customs","HM Revenue & Customs","HMRC"
"org_2016",2016,,"Valuation Office Agency","HM Revenue & Customs","VOA"
"org_2016",2016,,"HM Treasury","HM Treasury and Chancellor's other departments","HMT"
"org_2016",2016,,"UK Debt Management Office","HM Treasury and Chancellor's other departments","DMO"
"org_2016",2016,,"Government Internal Audit Agency","HM Treasury and Chancellor's other departments","GIAA"
"org_2016",2016,,"Home Office group","Home Office",
"org_2016",2016,,"Home Office: Policy and Enablers (formerly known as Home Office HQ)","Home Office","PE"
"org_2016",2016,,"Home Office: Border Force","Home Office","BF"
"org_2016",2016,,"Home Office: Immigration Enforcement","Home Office","IE"
"org_2016",2016,,"Home Office: UK Visas and Immigration","Home Office","UKVI"
"org_2016",2016,,"HM Passport Office","Home Office","HMPO"
"org_2016",2016,,"Ministry of Justice (including agencies)","Justice",
"org_2016",2016,,"Ministry of Justice (HQ)","Justice","MOJHQ"
"org_2016",2016,,"Criminal Injuries Compensation Authority","Justice","CICA"
"org_2016",2016,,"HM Courts and Tribunals Service","Justice","HMCTS"
"org_2016",2016,,"HM Prison Service","Justice","HMPS"
"org_2016",2016,,"Legal Aid Agency","Justice","LAA"
"org_2016",2016,,"MoJ Arms Length Bodies","Justice","ALBS"
"org_2016",2016,,"National Offender Management Service (HQ)","Justice","NOMSHQ"
"org_2016",2016,,"National Probation Service","Justice","NPS"
"org_2016",2016,,"Office of the Public Guardian","Justice","OPG"
"org_2016",2016,,"National Crime Agency","National Crime Agency","NCA"
"org_2016",2016,,"National Savings and Investments","National Savings and Investments","NSANDI"
"org_2016",2016,,"Office of Rail and Road","Office of Rail and Road","ORR"
"org_2016",2016,,"Ofgem","Ofgem","OFGEM"
"org_2016",2016,,"Ofqual","Ofqual","OFQUAL"
"org_2016",2016,,"Ofsted","Ofsted","OFSTED"
"org_2016",2016,,"Scottish Government","Scottish Government","SG"
"org_2016",2016,,"Accountant in Bankruptcy","Scottish Government","AIB"
"org_2016",2016,,"Crown Office and Procurator Fiscal Service","Scottish Government","COPFS"
"org_2016",2016,,"Disclosure Scotland","Scottish Government","DS"
"org_2016",2016,,"Education Scotland","Scottish Government","ES"
"org_2016",2016,,"Food Standards Scotland","Scottish Government","FSS"
"org_2016",2016,,"National Records of Scotland","Scottish Government","NRS"
"org_2016",2016,,"Office of the Scottish Charity Regulator","Scottish Government","OSCR"
"org_2016",2016,,"Registers of Scotland","Scottish Government","ROS"
"org_2016",2016,,"Revenue Scotland","Scottish Government","RS"
"org_2016",2016,,"Scottish Courts and Tribunals Service","Scottish Government","SCTS"
"org_2016",2016,,"Scottish Prison Service","Scottish Government","SPS"
"org_2016",2016,,"Scottish Public Pensions Agency","Scottish Government","SPPA"
"org_2016",2016,,"Student Awards Agency for Scotland","Scottish Government","SAAS"
"org_2016",2016,,"Transport Scotland","Scottish Government","TS"
"org_2016",2016,,"Scotland Office, Office of the Advocate General, Wales Office and Northern Ireland Office combined","Teritorial Offices","SWNIO"
"org_2016",2016,,"Department for Transport","Transport","DFT"
"org_2016",2016,,"Driver and Vehicle Licensing Agency","Transport","DVLA"
"org_2016",2016,,"Driver and Vehicle Standards Agency","Transport","DVSA"
"org_2016",2016,,"Maritime and Coastguard Agency","Transport","MCA"
"org_2016",2016,,"Vehicle Certification Agency","Transport","VCA"
"org_2016",2016,,"UK Export Finance","UK Export Finance","UKEF"
"org_2016",2016,,"UK Statistics Authority (including ONS)","UK Statistics Authority",
"org_2016",2016,,"UK Statistics Authority","UK Statistics Authority","UKSA"
"org_2016",2016,,"Office for National Statistics","UK Statistics Authority","ONS"
"org_2016",2016,,"Estyn","Welsh Government","ESTYN"
"org_2016",2016,,"Department for Work and Pensions","Work and Pensions","DWP"
"org_2016",2016,,"Health and Safety Executive","Work and Pensions","HSE"
"org_2017",2017,,"Civil Service benchmark (median)","Civil Service","CIVILSERVICE"
"org_2017",2017,,"Attorney General's Office","Attorney General's departments","AGO"
"org_2017",2017,,"Crown Prosecution Service","Attorney General's departments","CPS"
"org_2017",2017,,"HM Crown Prosecution Service Inspectorate","Attorney General's departments","HMCPSI"
"org_2017",2017,,"Serious Fraud Office","Attorney General's departments","SFO"
"org_2017",2017,,"Department for Business, Energy & Industrial Strategy","Business, Energy & Industrial Strategy","BEIS"
"org_2017",2017,,"Acas","Business, Energy & Industrial Strategy","ACAS"
"org_2017",2017,,"Companies House","Business, Energy & Industrial Strategy","CH"
"org_2017",2017,,"Competition and Markets Authority","Business, Energy & Industrial Strategy","CMA"
"org_2017",2017,,"Intellectual Property Office","Business, Energy & Industrial Strategy","IPO"
"org_2017",2017,,"Land Registry","Business, Energy & Industrial Strategy","LR"
"org_2017",2017,,"Met Office","Business, Energy & Industrial Strategy","MET"
"org_2017",2017,,"The Insolvency Service","Business, Energy & Industrial Strategy","INSS"
"org_2017",2017,,"Cabinet Office","Cabinet Office","CO"
"org_2017",2017,,"Crown Commercial Service","Cabinet Office","CCS"
"org_2017",2017,,"Civil Service HR","Cabinet Office","CSHR"
"org_2017",2017,,"Charity Commission","Charity Commission","CC"
"org_2017",2017,,"Department for Communities and Local Government","Communities and Local Government","DCLG"
"org_2017",2017,,"Planning Inspectorate","Communities and Local Government","PINS"
"org_2017",2017,,"Department for Digital, Culture, Media & Sport","Digital, Culture, Media & Sport","DCMS"
"org_2017",2017,,"The National Archives","Digital, Culture, Media & Sport","TNA"
"org_2017",2017,,"Ministry of Defence","Defence","MOD"
"org_2017",2017,,"Defence Equipment & Support","Defence","DES"
"org_2017",2017,,"Defence Electronics and Components Agency","Defence","DECA"
"org_2017",2017,,"Dstl","Defence","DSTL"
"org_2017",2017,,"UK Hydrographic Office","Defence","UKHO"
"org_2017",2017,,"Department for Exiting the European Union","Department for Exiting the European Union","DEXEU"
"org_2017",2017,,"Department for International Trade","Department for International Trade","DIT"
"org_2017",2017,,"Department for International Development","Department for International Development","DFID"
"org_2017",2017,,"Department for Education","Department for Education","DFE"
"org_2017",2017,,"Department for Environment, Food & Rural Affairs","Environment, Food & Rural Affairs","DEFRA"
"org_2017",2017,,"Animal and Plant Health Agency","Environment, Food & Rural Affairs","APHA"
"org_2017",2017,,"Centre for Environment, Fisheries and Aquaculture Science","Environment, Food & Rural Affairs","CEFAS"
"org_2017",2017,,"Rural Payments Agency","Environment, Food & Rural Affairs","RPA"
"org_2017",2017,,"Veterinary Medicines Directorate","Environment, Food & Rural Affairs","VMD"
"org_2017",2017,,"Estyn","Estyn","ESTYN"
"org_2017",2017,,"Food Standards Agency","Food Standards Agency","FSA"
"org_2017",2017,,"Foreign & Commonwealth Office","Foreign & Commonwealth Office","FCO"
"org_2017",2017,,"FCO Services","Foreign & Commonwealth Office","FCOS"
"org_2017",2017,,"Wilton Park","Foreign & Commonwealth Office","WPEA"
"org_2017",2017,,"Government Actuary's Department","Government Actuary's Department","GAD"
"org_2017",2017,,"Government Legal Department","Government Legal Department","GLD"
"org_2017",2017,,"Department of Health","Health","DH"
"org_2017",2017,,"Medicines and Healthcare Products Regulatory Agency","Health","MHRA"
"org_2017",2017,,"Public Health England","Health","PHE"
"org_2017",2017,,"HM Inspectorate of Constabulary and Fire & Rescue Services","HM Inspectorate of Constabulary and Fire & Rescue Services","HMICFR"
"org_2017",2017,,"HM Revenue & Customs","HM Revenue & Customs","HMRC"
"org_2017",2017,,"Valuation Office Agency","HM Revenue & Customs","VOA"
"org_2017",2017,,"HM Treasury","HM Treasury and Chancellor's other departments","HMT"
"org_2017",2017,,"UK Debt Management Office","HM Treasury and Chancellor's other departments","DMO"
"org_2017",2017,,"Government Internal Audit Agency","HM Treasury and Chancellor's other departments","GIAA"
"org_2017",2017,,"Home Office group","Home Office","HOMEOFFICEGROUP"
"org_2017",2017,,"Home Office: Policy and Enablers (formerly known as Home Office HQ)","Home Office","PE"
"org_2017",2017,,"Home Office: Border Force","Home Office","BF"
"org_2017",2017,,"Home Office: Immigration Enforcement","Home Office","IE"
"org_2017",2017,,"Home Office: UK Visas and Immigration","Home Office","UKVI"
"org_2017",2017,,"HM Passport Office","Home Office","HMPO"
"org_2017",2017,,"Ministry of Justice (including agencies)","Justice","MOJWITHAGENCIES"
"org_2017",2017,,"Ministry of Justice (HQ)","Justice","MOJHQ"
"org_2017",2017,,"Criminal Injuries Compensation Authority","Justice","CICA"
"org_2017",2017,,"HM Courts and Tribunals Service","Justice","HMCTS"
"org_2017",2017,,"HM Prison and Probation Service (HQ)","Justice","HMPPHQ"
"org_2017",2017,,"HM Prison Service","Justice","HMPS"
"org_2017",2017,,"Legal Aid Agency","Justice","LAA"
"org_2017",2017,,"MoJ Arms Length Bodies","Justice","ALBS"
"org_2017",2017,,"National Probation Service","Justice","NPS"
"org_2017",2017,,"Office of the Public Guardian","Justice","OPG"
"org_2017",2017,,"National Crime Agency","National Crime Agency","NCA"
"org_2017",2017,,"National Savings and Investments","National Savings and Investments","NSANDI"
"org_2017",2017,,"Office of Rail and Road","Office of Rail and Road","ORR"
"org_2017",2017,,"Ofgem","Ofgem","OFGEM"
"org_2017",2017,,"Ofqual","Ofqual","OFQUAL"
"org_2017",2017,,"Ofsted","Ofsted","OFSTED"
"org_2017",2017,,"Scottish Government","Scottish Government","SG"
"org_2017",2017,,"Accountant in Bankruptcy","Scottish Government","AIB"
"org_2017",2017,,"Crown Office and Procurator Fiscal Service","Scottish Government","COPFS"
"org_2017",2017,,"Disclosure Scotland","Scottish Government","DS"
"org_2017",2017,,"Education Scotland","Scottish Government","ES"
"org_2017",2017,,"Food Standards Scotland","Scottish Government","FSS"
"org_2017",2017,,"National Records of Scotland","Scottish Government","NRS"
"org_2017",2017,,"Office of the Scottish Charity Regulator","Scottish Government","OSCR"
"org_2017",2017,,"Registers of Scotland","Scottish Government","ROS"
"org_2017",2017,,"Revenue Scotland","Scottish Government","RS"
"org_2017",2017,,"Scottish Courts and Tribunals Service","Scottish Government","SCTS"
"org_2017",2017,,"Scottish Housing Regulator","Scottish Government","SHR"
"org_2017",2017,,"Scottish Prison Service","Scottish Government","SPS"
"org_2017",2017,,"Scottish Public Pensions Agency","Scottish Government","SPPA"
"org_2017",2017,,"Student Awards Agency for Scotland","Scottish Government","SAAS"
"org_2017",2017,,"Transport Scotland","Scottish Government","TS"
"org_2017",2017,,"Scotland Office, Office of the Advocate General, Wales Office and Northern Ireland Office combined","Territorial Offices","SWNIO"
"org_2017",2017,,"Department for Transport","Transport","DFT"
"org_2017",2017,,"Driver and Vehicle Licensing Agency","Transport","DVLA"
"org_2017",2017,,"Driver and Vehicle Standards Agency","Transport","DVSA"
"org_2017",2017,,"Maritime and Coastguard Agency","Transport","MCA"
"org_2017",2017,,"Vehicle Certification Agency","Transport","VCA"
"org_2017",2017,,"UK Export Finance","UK Export Finance","UKEF"
"org_2017",2017,,"UK Statistics Authority (including ONS)","UK Statistics Authority","UKSAWITHONS"
"org_2017",2017,,"UK Statistics Authority","UK Statistics Authority","UKSA"
"org_2017",2017,,"Office for National Statistics","UK Statistics Authority","ONS"
"org_2017",2017,,"Welsh Government","Welsh Government","WG"
"org_2017",2017,,"Department for Work and Pensions","Work and Pensions","DWP"
"org_2017",2017,,"Health and Safety Executive","Work and Pensions","HSE"
"org_2018",2018,,"Civil Service benchmark (median)","Civil Service","CIVILSERVICE"
"org_2018",2018,,"Attorney General's Office","Attorney General's departments","AGO"
"org_2018",2018,,"Crown Prosecution Service","Attorney General's departments","CPS"
"org_2018",2018,,"HM Crown Prosecution Service Inspectorate","Attorney General's departments","HMCPSI"
"org_2018",2018,,"Serious Fraud Office","Attorney General's departments","SFO"
"org_2018",2018,,"Department for Business, Energy & Industrial Strategy","Business, Energy & Industrial Strategy","BEIS"
"org_2018",2018,,"Acas","Business, Energy & Industrial Strategy","ACAS"
"org_2018",2018,,"Companies House","Business, Energy & Industrial Strategy","CH"
"org_2018",2018,,"Competition and Markets Authority","Business, Energy & Industrial Strategy","CMA"
"org_2018",2018,,"HM Land Registry","Business, Energy & Industrial Strategy","HMLR"
"org_2018",2018,,"Intellectual Property Office","Business, Energy & Industrial Strategy","IPO"
"org_2018",2018,,"Met Office","Business, Energy & Industrial Strategy","MET"
"org_2018",2018,,"The Insolvency Service","Business, Energy & Industrial Strategy","INSS"
"org_2018",2018,,"Cabinet Office","Cabinet Office","CO"
"org_2018",2018,,"Crown Commercial Service","Cabinet Office","CCS"
"org_2018",2018,,"Civil Service HR","Cabinet Office","CSHR"
"org_2018",2018,,"Government Property Agency","Cabinet Office","GPA"
"org_2018",2018,,"Charity Commission","Charity Commission","CC"
"org_2018",2018,,"Ministry of Defence","Defence","MOD"
"org_2018",2018,,"Defence Electronics and Components Agency","Defence","DECA"
"org_2018",2018,,"Defence Equipment & Support","Defence","DES"
"org_2018",2018,,"Dstl","Defence","DSTL"
"org_2018",2018,,"Submarine Delivery Agency","Defence","SDA"
"org_2018",2018,,"UK Hydrographic Office","Defence","UKHO"
"org_2018",2018,,"Department for Education","Department for Education","DFE"
"org_2018",2018,,"Department for Exiting the European Union","Department for Exiting the European Union","DEXEU"
"org_2018",2018,,"Department for International Development","Department for International Development","DFID"
"org_2018",2018,,"Department for International Trade","Department for International Trade","DIT"
"org_2018",2018,,"Department for Digital, Culture, Media and Sport","Digital, Culture, Media & Sport","DCMS"
"org_2018",2018,,"The National Archives","Digital, Culture, Media & Sport","TNA"
"org_2018",2018,,"Department for Environment, Food & Rural Affairs","Environment, Food & Rural Affairs","DEFRA"
"org_2018",2018,,"Animal and Plant Health Agency","Environment, Food & Rural Affairs","APHA"
"org_2018",2018,,"Centre for Environment, Fisheries and Aquaculture Science","Environment, Food & Rural Affairs","CEFAS"
"org_2018",2018,,"Rural Payments Agency","Environment, Food & Rural Affairs","RPA"
"org_2018",2018,,"Veterinary Medicines Directorate","Environment, Food & Rural Affairs","VMD"
"org_2018",2018,,"Estyn","Estyn","ESTYN"
"org_2018",2018,,"Food Standards Agency","Food Standards Agency","FSA"
"org_2018",2018,,"Foreign & Commonwealth Office","Foreign & Commonwealth Office","FCO"
"org_2018",2018,,"FCO Services","Foreign & Commonwealth Office","FCOS"
"org_2018",2018,,"Wilton Park","Foreign & Commonwealth Office","WPEA"
"org_2018",2018,,"Government Actuary's Department","Government Actuary's Department","GAD"
"org_2018",2018,,"Government Equalities Office","Government Equalities Office","GEO"
"org_2018",2018,,"Government Legal Department","Government Legal Department","GLD"
"org_2018",2018,,"Department of Health and Social Care","Health and Social Care","DHSC"
"org_2018",2018,,"Medicines and Healthcare Products Regulatory Agency","Health and Social Care","MHRA"
"org_2018",2018,,"Public Health England","Health and Social Care","PHE"
"org_2018",2018,,"HM Inspectorate of Constabulary and Fire & Rescue Services","HM Inspectorate of Constabulary and Fire & Rescue Services","HMICFR"
"org_2018",2018,,"HM Revenue & Customs","HM Revenue & Customs","HMRC"
"org_2018",2018,,"Valuation Office Agency","HM Revenue & Customs","VOA"
"org_2018",2018,,"HM Treasury","HM Treasury and Chancellor's departments","HMT"
"org_2018",2018,,"Government Internal Audit Agency","HM Treasury and Chancellor's departments","GIAA"
"org_2018",2018,,"UK Debt Management Office","HM Treasury and Chancellor's departments","DMO"
"org_2018",2018,,"Home Office group","Home Office","HOMEOFFICEGROUP"
"org_2018",2018,,"Home Office: Policy and Enablers (formerly known as Home Office HQ)","Home Office","PE"
"org_2018",2018,,"Home Office: Border Force","Home Office","BF"
"org_2018",2018,,"Home Office: Immigration Enforcement","Home Office","IE"
"org_2018",2018,,"Home Office: UK Visas and Immigration","Home Office","UKVI"
"org_2018",2018,,"HM Passport Office","Home Office","HMPO"
"org_2018",2018,,"Ministry of Housing, Communities and Local Government (excluding agencies)","Housing, Communities and Local Government","MHCLG"
"org_2018",2018,,"Planning Inspectorate","Housing, Communities and Local Government","PINS"
"org_2018",2018,,"Ministry of Justice (including agencies)","Justice","MOJGROUP"
"org_2018",2018,,"Ministry of Justice (HQ)","Justice","MOJHQ"
"org_2018",2018,,"Criminal Injuries Compensation Authority","Justice","CICA"
"org_2018",2018,,"HM Courts and Tribunals Service","Justice","HMCTS"
"org_2018",2018,,"HM Prison and Probation Service (HQ)","Justice","HMPPHQ"
"org_2018",2018,,"HM Prison Service","Justice","HMPS"
"org_2018",2018,,"Legal Aid Agency","Justice","LAA"
"org_2018",2018,,"MoJ Arms Length and Other Bodies","Justice","ALOB"
"org_2018",2018,,"National Probation Service","Justice","NPS"
"org_2018",2018,,"Office of the Public Guardian","Justice","OPG"
"org_2018",2018,,"National Crime Agency","National Crime Agency","NCA"
"org_2018",2018,,"National Savings and Investments","National Savings and Investments","NSANDI"
"org_2018",2018,,"Office of Rail and Road","Office of Rail and Road","ORR"
"org_2018",2018,,"Ofgem","Ofgem","OFGEM"
"org_2018",2018,,"Ofqual","Ofqual","OFQUAL"
"org_2018",2018,,"Ofsted","Ofsted","OFSTED"
"org_2018",2018,,"Scottish Government","Scottish Government","SG"
"org_2018",2018,,"Accountant in Bankruptcy","Scottish Government","AIB"
"org_2018",2018,,"Crown Office and Procurator Fiscal Service","Scottish Government","COPFS"
"org_2018",2018,,"Disclosure Scotland","Scottish Government","DS"
"org_2018",2018,,"Education Scotland","Scottish Government","ES"
"org_2018",2018,,"Food Standards Scotland","Scottish Government","FSS"
"org_2018",2018,,"National Records of Scotland","Scottish Government","NRS"
"org_2018",2018,,"Office of the Scottish Charity Regulator","Scottish Government","OSCR"
"org_2018",2018,,"Registers of Scotland","Scottish Government","ROS"
"org_2018",2018,,"Revenue Scotland","Scottish Government","RS"
"org_2018",2018,,"Scottish Courts and Tribunals Service","Scottish Government","SCTS"
"org_2018",2018,,"Scottish Housing Regulator","Scottish Government","SHR"
"org_2018",2018,,"Scottish Prison Service","Scottish Government","SPS"
"org_2018",2018,,"Scottish Public Pensions Agency","Scottish Government","SPPA"
"org_2018",2018,,"Student Awards Agency for Scotland","Scottish Government","SAAS"
"org_2018",2018,,"Transport Scotland","Scottish Government","TS"
"org_2018",2018,,"Scotland Office, Office of the Advocate General, Wales Office and Northern Ireland Office combined","Territorial Offices","SWNIO"
"org_2018",2018,,"Department for Transport","Transport","DFT"
"org_2018",2018,,"Driver and Vehicle Licensing Agency","Transport","DVLA"
"org_2018",2018,,"Driver and Vehicle Standards Agency","Transport","DVSA"
"org_2018",2018,,"Maritime and Coastguard Agency","Transport","MCA"
"org_2018",2018,,"Vehicle Certification Agency","Transport","VCA"
"org_2018",2018,,"UK Export Finance","UK Export Finance","UKEF"
"org_2018",2018,,"UK Statistics Authority (including ONS)","UK Statistics Authority","UKSAGROUP"
"org_2018",2018,,"UK Statistics Authority","UK Statistics Authority","UKSA_CorrectedJan2020"
"org_2018",2018,,"Office for National Statistics","UK Statistics Authority","ONS_CorrectedJan2020"
"org_2018",2018,,"Welsh Government","Welsh Government","WG"
"org_2018",2018,,"Welsh Revenue Authority","Welsh Revenue Authority","WRA"
"org_2018",2018,,"Department for Work and Pensions","Work and Pensions","DWP"
"org_2018",2018,,"Health and Safety Executive","Work and Pensions","HSE"
"org_2019",2019,,"Civil Service Benchmark (median)","000_CS","CS_MEDIAN"
"org_2019",2019,,"All civil servants (mean score)","000_CS","CS_MEAN"
"org_2019",2019,,"Attorney General's Office","Attorney General's Departments","AGO0000"
"org_2019",2019,,"Crown Prosecution Service","Attorney General's Departments","CPS0000"
"org_2019",2019,,"HM CPS Inspectorate","Attorney General's Departments","HMCPSI0000"
"org_2019",2019,,"Serious Fraud Office","Attorney General's Departments","SFO0000"
"org_2019",2019,,"Department for Business, Energy and Industrial Strategy","Business, Energy and Industrial Strategy","BEIS0000"
"org_2019",2019,,"Acas","Business, Energy and Industrial Strategy","ACAS0000"
"org_2019",2019,,"Companies House","Business, Energy and Industrial Strategy","CH0000"
"org_2019",2019,,"Competition and Markets Authority","Business, Energy and Industrial Strategy","CMA0000"
"org_2019",2019,,"HM Land Registry","Business, Energy and Industrial Strategy","HMLR0000"
"org_2019",2019,,"Intellectual Property Office","Business, Energy and Industrial Strategy","IPO0000"
"org_2019",2019,,"Met Office","Business, Energy and Industrial Strategy","MET0000"
"org_2019",2019,,"The Insolvency Service","Business, Energy and Industrial Strategy","INSS0000"
"org_2019",2019,,"UK Space Agency","Business, Energy and Industrial Strategy","SPACE0000"
"org_2019",2019,,"Cabinet Office","Cabinet Office","CO0000"
"org_2019",2019,,"Crown Commercial Service","Cabinet Office","CCS0000"
"org_2019",2019,,"Government Equalities Office","Cabinet Office","GEO0000"
"org_2019",2019,,"Government Property Agency","Cabinet Office","GPA0000"
"org_2019",2019,,"Charity Commission","Charity Commission","CC0000"
"org_2019",2019,,"Ministry of Defence","Defence","MOD0000"
"org_2019",2019,,"Defence Electronics and Components Agency","Defence","DECA0000"
"org_2019",2019,,"Defence Equipment and Support","Defence","DES0000"
"org_2019",2019,,"Dstl","Defence","DSTL0000"
"org_2019",2019,,"Submarine Delivery Agency","Defence","SDA0000"
"org_2019",2019,,"UK Hydrographic Office","Defence","UKHO0000"
"org_2019",2019,,"Department for Digital, Culture, Media and Sport","Digital, Culture, Media and Sport","DCMS0000"
"org_2019",2019,,"The National Archives","Digital, Culture, Media and Sport","TNA0000"
"org_2019",2019,,"Department for Education","Education","DFE0000"
"org_2019",2019,,"Department for Environment, Food and Rural Affairs","Environment, Food and Rural Affairs","DEFRA0000"
"org_2019",2019,,"Animal and Plant Health Agency","Environment, Food and Rural Affairs","APHA0000"
"org_2019",2019,,"Centre for Environment, Fisheries and Aquaculture Science","Environment, Food and Rural Affairs","CEFAS0000"
"org_2019",2019,,"Rural Payments Agency","Environment, Food and Rural Affairs","RPA0000"
"org_2019",2019,,"Veterinary Medicines Directorate","Environment, Food and Rural Affairs","VMD0000"
"org_2019",2019,,"Estyn","Estyn","ESTYN0000"
"org_2019",2019,,"Department for Exiting the European Union","Exiting the European Union","DEXEU0000"
"org_2019",2019,,"Food Standards Agency","Food Standards Agency","FSA0000"
"org_2019",2019,,"Foreign and Commonwealth Office","Foreign and Commonwealth Office","FCO0000"
"org_2019",2019,,"FCO Services","Foreign and Commonwealth Office","FCOS0000"
"org_2019",2019,,"Wilton Park","Foreign and Commonwealth Office","WPEA0000"
"org_2019",2019,,"Government Actuary's Department","Government Actuary's Department","GAD0000"
"org_2019",2019,,"Government Legal Department","Government Legal Department","GLD0000"
"org_2019",2019,,"Department of Health and Social Care","Health and Social Care","DHSC0000"
"org_2019",2019,,"Medicines and Healthcare products Regulatory Agency","Health and Social Care","MHRA0000"
"org_2019",2019,,"Public Health England","Health and Social Care","PHE0000"
"org_2019",2019,,"Her Majesty's Inspectorate of Constabulary and Fire and Rescue Services","HM Inspectorate of Constabulary and Fire & Rescue Services","HMICFR0000"
"org_2019",2019,,"HM Revenue and Customs","HM Revenue & Customs","HMRC0000"
"org_2019",2019,,"Valuation Office Agency","HM Revenue & Customs","VOA0000"
"org_2019",2019,,"HM Treasury","HM Treasury Group","HMT0000"
"org_2019",2019,,"Government Internal Audit Agency","HM Treasury Group","GIAA0000"
"org_2019",2019,,"National Infrastructure Commission","HM Treasury Group","NIC0000"
"org_2019",2019,,"UK Debt Management Office","HM Treasury Group","DMO0000"
"org_2019",2019,,"Home Office group (combined results)","Home Office","HO_GRP"
"org_2019",2019,,"Home Office: Policy and Enablers","Home Office","PE0000"
"org_2019",2019,,"Home Office: Border Force","Home Office","BF0000"
"org_2019",2019,,"Home Office: HM Passport Office","Home Office","HMPO0000"
"org_2019",2019,,"Home Office: Immigration Enforcement","Home Office","IE0000"
"org_2019",2019,,"Home Office: UK Visas and Immigration","Home Office","UKVI0000"
"org_2019",2019,,"Ministry of Housing, Communities and Local Government","Housing, Communities and Local Government","MHCLG0000"
"org_2019",2019,,"Planning Inspectorate","Housing, Communities and Local Government","PINS0000"
"org_2019",2019,,"Department for International Development","International Development","DFID0000"
"org_2019",2019,,"Department for International Trade","International Trade","DIT0000"
"org_2019",2019,,"Ministry of Justice group (including agencies)","Justice","MOJ_GRP"
"org_2019",2019,,"Ministry of Justice Headquarters","Justice","MOJHQ0000"
"org_2019",2019,,"Criminal Injuries Compensation Authority","Justice","CICA0000"
"org_2019",2019,,"HM Courts and Tribunals Service","Justice","HMCTS0000"
"org_2019",2019,,"HM Prison and Probation Service Headquarters","Justice","HMPPHQ0000"
"org_2019",2019,,"HM Prison Service","Justice","HMPS0000"
"org_2019",2019,,"Legal Aid Agency","Justice","LAA0000"
"org_2019",2019,,"Ministry of Justice Arm’s Length and Other Bodies","Justice","ALOB0000"
"org_2019",2019,,"National Probation Service","Justice","NPS0000"
"org_2019",2019,,"Office of the Public Guardian","Justice","OPG0000"
"org_2019",2019,,"National Crime Agency","National Crime Agency","NCA0000"
"org_2019",2019,,"National Savings and Investments","National Savings and Investments","NSANDI0000"
"org_2019",2019,,"Office of Qualifications and Examinations Regulation","Office of Qualifications and Examinations Regulation","OFQUAL0000"
"org_2019",2019,,"Office of Rail and Road","Office of Rail and Road","ORR0000"
"org_2019",2019,,"Office of Gas and Electricity Markets","Ofgem","OFGEM0000"
"org_2019",2019,,"Ofsted","Ofsted","OFSTED0000"
"org_2019",2019,,"Scottish Government","Scottish Government","SG0000"
"org_2019",2019,,"Accountant in Bankruptcy","Scottish Government","AIB0000"
"org_2019",2019,,"Crown Office and Procurator Fiscal Service","Scottish Government","COPFS0000"
"org_2019",2019,,"Disclosure Scotland","Scottish Government","DS0000"
"org_2019",2019,,"Education Scotland","Scottish Government","ES0000"
"org_2019",2019,,"Food Standards Scotland","Scottish Government","FSS0000"
"org_2019",2019,,"Forestry and Land Scotland","Scottish Government","FLS0000"
"org_2019",2019,,"National Records of Scotland","Scottish Government","NRS0000"
"org_2019",2019,,"Office of the Scottish Charity Regulator","Scottish Government","OSCR0000"
"org_2019",2019,,"Registers of Scotland","Scottish Government","ROS0000"
"org_2019",2019,,"Revenue Scotland","Scottish Government","RS0000"
"org_2019",2019,,"Scottish Courts and Tribunals Service","Scottish Government","SCTS0000"
"org_2019",2019,,"Scottish Forestry","Scottish Government","SF0000"
"org_2019",2019,,"Scottish Housing Regulator","Scottish Government","SHR0000"
"org_2019",2019,,"Scottish Prison Service","Scottish Government","SPS0000"
"org_2019",2019,,"Scottish Public Pensions Agency","Scottish Government","SPPA0000"
"org_2019",2019,,"Social Security Scotland","Scottish Government","SSS0000"
"org_2019",2019,,"Student Awards Agency Scotland","Scottish Government","SAAS0000"
"org_2019",2019,,"Transport Scotland","Scottish Government","TS0000"
"org_2019",2019,,"Scotland, Wales and Northern Ireland Offices, and the Office of the Advocate General","Territorial Offices","SWNIO0000"
"org_2019",2019,,"Department for Transport","Transport","DFT0000"
"org_2019",2019,,"Driver and Vehicle Licensing Agency","Transport","DVLA0000"
"org_2019",2019,,"Driver and Vehicle Standards Agency","Transport","DVSA0000"
"org_2019",2019,,"Maritime and Coastguard Agency","Transport","MCA0000"
"org_2019",2019,,"Vehicle Certification Agency","Transport","VCA0000"
"org_2019",2019,,"UK Export Finance","UK Export Finance","UKEF0000"
"org_2019",2019,,"UK Statistics Authority group (including ONS)","UK Statistics Authority","UKSA_GRP"
"org_2019",2019,,"UK Statistics Authority","UK Statistics Authority","UKSA0000"
"org_2019",2019,,"Office for National Statistics","UK Statistics Authority","ONS0000"
"org_2019",2019,,"Water Regulation Services Authority (Ofwat)","Water Regulation Services Authority (Ofwat)","OFWAT0000"
"org_2019",2019,,"Welsh Revenue Authority","Welsh Revenue Authority","WRA0000"
"org_2019",2019,,"Department for Work and Pensions","Work and Pensions","DWP0000"
"org_2019",2019,,"Health and Safety Executive","Work and Pensions","HSE0000"
"org_2020",2020,,"Civil Service Benchmark (median)","All Civil Service","CS_MEDIAN"
"org_2020",2020,,"All civil servants (mean score)","All Civil Service","CS_MEAN"
"org_2020",2020,,"Attorney General's Office","Attorney General's Departments","AGO"
"org_2020",2020,,"Crown Prosecution Service","Attorney General's Departments","CPS"
"org_2020",2020,,"HM CPS Inspectorate","Attorney General's Departments","HMCPSI"
"org_2020",2020,,"Serious Fraud Office","Attorney General's Departments","SFO"
"org_2020",2020,,"Acas","Business, Energy and Industrial Strategy","ACAS"
"org_2020",2020,,"Department for Business, Energy and Industrial Strategy","Business, Energy and Industrial Strategy","BEIS"
"org_2020",2020,,"Companies House","Business, Energy and Industrial Strategy","CH"
"org_2020",2020,,"Competition and Markets Authority","Business, Energy and Industrial Strategy","CMA"
"org_2020",2020,,"HM Land Registry","Business, Energy and Industrial Strategy","HMLR"
"org_2020",2020,,"The Insolvency Service","Business, Energy and Industrial Strategy","INSS"
"org_2020",2020,,"Intellectual Property Office","Business, Energy and Industrial Strategy","IPO"
"org_2020",2020,,"Met Office","Business, Energy and Industrial Strategy","MET"
"org_2020",2020,,"UK Space Agency","Business, Energy and Industrial Strategy","SPACE"
"org_2020",2020,,"Crown Commercial Service","Cabinet Office","CCS"
"org_2020",2020,,"Cabinet Office","Cabinet Office","CO"
"org_2020",2020,,"Government Property Agency","Cabinet Office","GPA"
"org_2020",2020,,"Charity Commission","Charity Commission","CC"
"org_2020",2020,,"Defence Electronics and Components Agency","Defence","DECA"
"org_2020",2020,,"Defence Equipment and Support","Defence","DES"
"org_2020",2020,,"Dstl","Defence","DSTL"
"org_2020",2020,,"Ministry of Defence","Defence","MOD"
"org_2020",2020,,"Submarine Delivery Agency","Defence","SDA"
"org_2020",2020,,"UK Hydrographic Office","Defence","UKHO"
"org_2020",2020,,"Department for Digital, Culture, Media and Sport","Digital, Culture, Media and Sport","DCMS"
"org_2020",2020,,"The National Archives","Digital, Culture, Media and Sport","TNA"
"org_2020",2020,,"Department for Education","Education","DFE"
"org_2020",2020,,"Animal and Plant Health Agency","Environment, Food and Rural Affairs","APHA"
"org_2020",2020,,"Centre for Environment, Fisheries and Aquaculture Science","Environment, Food and Rural Affairs","CEFAS"
"org_2020",2020,,"Department for Environment, Food and Rural Affairs","Environment, Food and Rural Affairs","DEFRA"
"org_2020",2020,,"Rural Payments Agency","Environment, Food and Rural Affairs","RPA"
"org_2020",2020,,"Veterinary Medicines Directorate","Environment, Food and Rural Affairs","VMD"
"org_2020",2020,,"Estyn","Estyn","ESTYN"
"org_2020",2020,,"Food Standards Agency","Food Standards Agency","FSA"
"org_2020",2020,,"Wilton Park","Foreign and Commonwealth Office","WPEA"
"org_2020",2020,,"Foreign, Commonwealth and Development Office","Foreign, Commonwealth and Development Office","FCDO"
"org_2020",2020,,"FCDO Services","Foreign, Commonwealth and Development Office","FCDOS"
"org_2020",2020,,"Government Actuary's Department","Government Actuary's Department","GAD"
"org_2020",2020,,"Government Legal Department","Government Legal Department","GLD"
"org_2020",2020,,"Department of Health and Social Care","Health and Social Care","DHSC"
"org_2020",2020,,"Medicines and Healthcare products Regulatory Agency","Health and Social Care","MHRA"
"org_2020",2020,,"NHS Test and Trace","Health and Social Care","NHSTT"
"org_2020",2020,,"Public Health England","Health and Social Care","PHE"
"org_2020",2020,,"Her Majesty's Inspectorate of Constabulary and Fire and Rescue Services","HM Inspectorate of Constabulary and Fire & Rescue Services","HMICFR"
"org_2020",2020,,"HM Revenue and Customs","HM Revenue & Customs","HMRC"
"org_2020",2020,,"Valuation Office Agency","HM Revenue & Customs","VOA"
"org_2020",2020,,"UK Debt Management Office","HM Treasury Group","DMO"
"org_2020",2020,,"Government Internal Audit Agency","HM Treasury Group","GIAA"
"org_2020",2020,,"HM Treasury","HM Treasury Group","HMT"
"org_2020",2020,,"National Infrastructure Commission","HM Treasury Group","NIC"
"org_2020",2020,,"Home Office group (combined results)","Home Office","HO_GROUP"
"org_2020",2020,,"Home Office: Border Force","Home Office","BF"
"org_2020",2020,,"Home Office: HM Passport Office","Home Office","HMPO"
"org_2020",2020,,"Home Office: Immigration Enforcement","Home Office","IE"
"org_2020",2020,,"Home Office: Policy and Enablers","Home Office","PE"
"org_2020",2020,,"Home Office: UK Visas and Immigration","Home Office","UKVI"
"org_2020",2020,,"Ministry of Housing, Communities and Local Government","Housing, Communities and Local Government","MHCLG"
"org_2020",2020,,"Planning Inspectorate","Housing, Communities and Local Government","PINS"
"org_2020",2020,,"Institute for Apprenticeships and Techincal Education","Institute for Apprenticeships and Techincal Education","IFATE"
"org_2020",2020,,"Department for International Trade","International Trade","DIT"
"org_2020",2020,,"Ministry of Justice group (including agencies)","Justice","MOJ_GROUP"
"org_2020",2020,,"Ministry of Justice Arm’s Length and Other Bodies","Justice","ALOB"
"org_2020",2020,,"Criminal Injuries Compensation Authority","Justice","CICA"
"org_2020",2020,,"HM Courts and Tribunals Service","Justice","HMCTS"
"org_2020",2020,,"HM Prison and Probation Service Headquarters","Justice","HMPPHQ"
"org_2020",2020,,"HM Prison Service","Justice","HMPS"
"org_2020",2020,,"Legal Aid Agency","Justice","LAA"
"org_2020",2020,,"Ministry of Justice Headquarters","Justice","MOJHQ"
"org_2020",2020,,"National Probation Service","Justice","NPS"
"org_2020",2020,,"Office of the Public Guardian","Justice","OPG"
"org_2020",2020,,"National Crime Agency","National Crime Agency","NCA"
"org_2020",2020,,"National Savings and Investments","National Savings and Investments","NSANDI"
"org_2020",2020,,"Office of Qualifications and Examinations Regulation","Office of Qualifications and Examinations Regulation","OFQUAL"
"org_2020",2020,,"Office of Rail and Road","Office of Rail and Road","ORR"
"org_2020",2020,,"Office of Gas and Electricity Markets","Ofgem","OFGEM"
"org_2020",2020,,"Ofsted","Ofsted","OFSTED"
"org_2020",2020,,"Accountant in Bankruptcy","Scottish Government","AIB"
"org_2020",2020,,"Crown Office and Procurator Fiscal Service","Scottish Government","COPFS"
"org_2020",2020,,"Disclosure Scotland","Scottish Government","DS"
"org_2020",2020,,"Education Scotland","Scottish Government","ES"
"org_2020",2020,,"Forestry and Land Scotland","Scottish Government","FLS"
"org_2020",2020,,"Food Standards Scotland","Scottish Government","FSS"
"org_2020",2020,,"National Records of Scotland","Scottish Government","NRS"
"org_2020",2020,,"Office of the Scottish Charity Regulator","Scottish Government","OSCR"
"org_2020",2020,,"Registers of Scotland","Scottish Government","ROS"
"org_2020",2020,,"Revenue Scotland","Scottish Government","RS"
"org_2020",2020,,"Student Awards Agency Scotland","Scottish Government","SAAS"
"org_2020",2020,,"Scottish Courts and Tribunals Service","Scottish Government","SCTS"
"org_2020",2020,,"Scottish Forestry","Scottish Government","SF"
"org_2020",2020,,"Scottish Government","Scottish Government","SG"
"org_2020",2020,,"Scottish Housing Regulator","Scottish Government","SHR"
"org_2020",2020,,"Scottish Public Pensions Agency","Scottish Government","SPPA"
"org_2020",2020,,"Scottish Prison Service","Scottish Government","SPS"
"org_2020",2020,,"Social Security Scotland","Scottish Government","SSS"
"org_2020",2020,,"Transport Scotland","Scottish Government","TS"
"org_2020",2020,,"Scotland, Wales and Northern Ireland Offices, and the Office of the Advocate General","Territorial Offices","SWNIO"
"org_2020",2020,,"Department for Transport","Transport","DFT"
"org_2020",2020,,"Driver and Vehicle Licensing Agency","Transport","DVLA"
"org_2020",2020,,"Driver and Vehicle Standards Agency","Transport","DVSA"
"org_2020",2020,,"Maritime and Coastguard Agency","Transport","MCA"
"org_2020",2020,,"Vehicle Certification Agency","Transport","VCA"
"org_2020",2020,,"UK Export Finance","UK Export Finance","UKEF"
"org_2020",2020,,"UK Statistics Authority group (including ONS)","UK Statistics Authority","UKSA_GROUP"
"org_2020",2020,,"Office for National Statistics","UK Statistics Authority","ONS"
"org_2020",2020,,"UK Statistics Authority","UK Statistics Authority","UKSA"
"org_2020",2020,,"Water Regulation Services Authority (Ofwat)","Water Regulation Services Authority (Ofwat)","OFWAT"
"org_2020",2020,,"Welsh Government","Welsh Government","WG"
"org_2020",2020,,"Welsh Revenue Authority","Welsh Revenue Authority","WRA"
"org_2020",2020,,"Department for Work and Pensions","Work and Pensions","DWP"
"org_2020",2020,,"Health and Safety Executive","Work and Pensions","HSE"
"org_2021",2021,,"All civil servants (mean score)","All Civil Servants","CS_MEAN"
"org_2021",2021,,"Acas","Business, Energy and Industrial Strategy","ACAS"
"org_2021",2021,,"Attorney General's Office","Attorney General's Departments","AGO"
"org_2021",2021,,"Accountant in Bankruptcy","Scottish Government","AIB"
"org_2021",2021,,"Ministry of Justice Arm's Length and Other Bodies","Justice","ALOB"
"org_2021",2021,,"Animal and Plant Health Agency","Environment, Food and Rural Affairs","APHA"
"org_2021",2021,,"Department for Business, Energy and Industrial Strategy","Business, Energy and Industrial Strategy","BEIS"
"org_2021",2021,,"Charity Commission","Charity Commission","CC"
"org_2021",2021,,"Crown Commercial Service","Cabinet Office","CCS"
"org_2021",2021,,"Centre for Environment, Fisheries and Aquaculture Science","Environment, Food and Rural Affairs","CEFAS"
"org_2021",2021,,"Companies House","Business, Energy and Industrial Strategy","CH"
"org_2021",2021,,"Criminal Injuries Compensation Authority","Justice","CICA"
"org_2021",2021,,"Competition and Markets Authority","Business, Energy and Industrial Strategy","CMA"
"org_2021",2021,,"Cabinet Office","Cabinet Office","CO"
"org_2021",2021,,"Crown Office and Procurator Fiscal Service","Scottish Government","COPFS"
"org_2021",2021,,"Crown Prosecution Service","Attorney General's Departments","CPS"
"org_2021",2021,,"Department for Digital, Culture, Media and Sport","Digital, Culture, Media and Sport","DCMS"
"org_2021",2021,,"Defence Electronics and Components Agency","Defence","DECA"
"org_2021",2021,,"Department for Environment, Food and Rural Affairs","Environment, Food and Rural Affairs","DEFRA"
"org_2021",2021,,"Defence Equipment and Support","Defence","DES"
"org_2021",2021,,"Department for Education","Education","DFE"
"org_2021",2021,,"Department for Transport","Transport","DFT"
"org_2021",2021,,"Department of Health and Social Care","Health and Social Care","DHSC"
"org_2021",2021,,"Department for International Trade","International Trade","DIT"
"org_2021",2021,,"UK Debt Management Office","HM Treasury Group","DMO"
"org_2021",2021,,"Disclosure Scotland","Scottish Government","DS"
"org_2021",2021,,"Dstl","Defence","DSTL"
"org_2021",2021,,"Driver and Vehicle Licensing Agency","Transport","DVLA"
"org_2021",2021,,"Driver and Vehicle Standards Agency","Transport","DVSA"
"org_2021",2021,,"Department for Work and Pensions","Work and Pensions","DWP"
"org_2021",2021,,"Education Scotland","Scottish Government","ES"
"org_2021",2021,,"Estyn","Estyn","ESTYN"
"org_2021",2021,,"Foreign, Commonwealth and Development Office","Foreign, Commonwealth and Development Office","FCDO"
"org_2021",2021,,"FCDO Services","Foreign, Commonwealth and Development Office","FCDOS"
"org_2021",2021,,"Forestry and Land Scotland","Scottish Government","FLS"
"org_2021",2021,,"Food Standards Agency","Food Standards Agency","FSA"
"org_2021",2021,,"Food Standards Scotland","Scottish Government","FSS"
"org_2021",2021,,"Government Actuary's Department","Government Actuary's Department","GAD"
"org_2021",2021,,"Government Internal Audit Agency","HM Treasury Group","GIAA"
"org_2021",2021,,"Government Legal Department","Government Legal Department","GLD"
"org_2021",2021,,"Government Property Agency","Cabinet Office","GPA"
"org_2021",2021,,"HM CPS Inspectorate","Attorney General's Departments","HMCPSI"
"org_2021",2021,,"HM Courts and Tribunals Service","Justice","HMCTS"
"org_2021",2021,,"Her Majesty's Inspectorate of Constabulary and Fire and Rescue Services","HM Inspectorate of Constabulary and Fire & Rescue Services","HMICFR"
"org_2021",2021,,"HM Land Registry","Business, Energy and Industrial Strategy","HMLR"
"org_2021",2021,,"HM Prison and Probation Service Headquarters","Justice","HMPPHQ"
"org_2021",2021,,"HM Prison Service","Justice","HMPS"
"org_2021",2021,,"HM Revenue and Customs","HM Revenue & Customs","HMRC"
"org_2021",2021,,"HM Treasury","HM Treasury Group","HMT"
"org_2021",2021,,"Home Office","Home Office","HO"
"org_2021",2021,,"Health and Safety Executive","Work and Pensions","HSE"
"org_2021",2021,,"Institute for Apprenticeships and Technical Education","Institute for Apprenticeships and Technical Education","IFATE"
"org_2021",2021,,"The Insolvency Service","Business, Energy and Industrial Strategy","INSS"
"org_2021",2021,,"Intellectual Property Office","Business, Energy and Industrial Strategy","IPO"
"org_2021",2021,,"Legal Aid Agency","Justice","LAA"
"org_2021",2021,,"Maritime and Coastguard Agency","Transport","MCA"
"org_2021",2021,,"Met Office","Business, Energy and Industrial Strategy","MET"
"org_2021",2021,,"Ministry of Housing, Communities and Local Government","Housing, Communities and Local Government","MHCLG"
"org_2021",2021,,"Medicines and Healthcare products Regulatory Agency","Health and Social Care","MHRA"
"org_2021",2021,,"Ministry of Defence","Defence","MOD"
"org_2021",2021,,"Ministry of Justice Headquarters","Justice","MOJHQ"
"org_2021",2021,,"National Crime Agency","National Crime Agency","NCA"
"org_2021",2021,,"National Infrastructure Commission","HM Treasury Group","NIC"
"org_2021",2021,,"National Records of Scotland","Scottish Government","NRS"
"org_2021",2021,,"National Savings and Investments","National Savings and Investments","NSANDI"
"org_2021",2021,,"Office of Gas and Electricity Markets","Ofgem","OFGEM"
"org_2021",2021,,"Office of Qualifications and Examinations Regulation","Office of Qualifications and Examinations Regulation","OFQUAL"
"org_2021",2021,,"Ofsted","Ofsted","OFSTED"
"org_2021",2021,,"Water Regulation Services Authority (Ofwat)","Water Regulation Services Authority (Ofwat)","OFWAT"
"org_2021",2021,,"Office for National Statistics","UK Statistics Authority","ONS"
"org_2021",2021,,"Office of the Public Guardian","Justice","OPG"
"org_2021",2021,,"Office of Rail and Road","Office of Rail and Road","ORR"
"org_2021",2021,,"Office of the Scottish Charity Regulator","Scottish Government","OSCR"
"org_2021",2021,,"Planning Inspectorate","Housing, Communities and Local Government","PINS"
"org_2021",2021,,"Probation Service","Justice","PS"
"org_2021",2021,,"Registers of Scotland","Scottish Government","ROS"
"org_2021",2021,,"Rural Payments Agency","Environment, Food and Rural Affairs","RPA"
"org_2021",2021,,"Revenue Scotland","Scottish Government","RS"
"org_2021",2021,,"Student Awards Agency Scotland","Scottish Government","SAAS"
"org_2021",2021,,"Scottish Courts and Tribunals Service","Scottish Government","SCTS"
"org_2021",2021,,"Submarine Delivery Agency","Defence","SDA"
"org_2021",2021,,"Scottish Forestry","Scottish Government","SF"
"org_2021",2021,,"Serious Fraud Office","Attorney General's Departments","SFO"
"org_2021",2021,,"Scottish Government","Scottish Government","SG"
"org_2021",2021,,"Scottish Housing Regulator","Scottish Government","SHR"
"org_2021",2021,,"UK Space Agency","Business, Energy and Industrial Strategy","SPACE"
"org_2021",2021,,"Scottish Public Pensions Agency","Scottish Government","SPPA"
"org_2021",2021,,"Scottish Prison Service","Scottish Government","SPS"
"org_2021",2021,,"Social Security Scotland","Scottish Government","SSS"
"org_2021",2021,,"Scotland, Wales and Northern Ireland Offices, and the Office of the Advocate General","Territorial Offices","SWNIO"
"org_2021",2021,,"The National Archives","Digital, Culture, Media and Sport","TNA"
"org_2021",2021,,"Transport Scotland","Scottish Government","TS"
"org_2021",2021,,"UK Export Finance","UK Export Finance","UKEF"
"org_2021",2021,,"UK Hydrographic Office","Defence","UKHO"
"org_2021",2021,,"UK Health Security Agency","Health and Social Care","UKHSA"
"org_2021",2021,,"UK Statistics Authority","UK Statistics Authority","UKSA"
"org_2021",2021,,"Vehicle Certification Agency","Transport","VCA"
"org_2021",2021,,"Veterinary Medicines Directorate","Environment, Food and Rural Affairs","VMD"
"org_2021",2021,,"Valuation Office Agency","HM Revenue & Customs","VOA"
"org_2021",2021,,"Welsh Government","Welsh Government","WG"
"org_2021",2021,,"Wilton Park","Foreign and Commonwealth Office","WPEA"
"org_2021",2021,,"Welsh Revenue Authority","Welsh Revenue Authority","WRA"
"org_2021",2021,,"Ministry of Justice group (including agencies)","Justice","MOJ_GROUP"
"org_2021",2021,,"UK Statistics Authority group (including ONS)","UK Statistics Authority","UKSA_GROUP"
"org_2022",2022,,"All civil servants (mean score)","All Civil Servants","CS_MEAN"
"org_2022",2022,,"Acas","Business, Energy and Industrial Strategy","ACAS"
"org_2022",2022,,"Attorney General's Office","Attorney General's Departments","AGO"
"org_2022",2022,,"Accountant in Bankruptcy","Scottish Government","AIB"
"org_2022",2022,,"Ministry of Justice Arm's Length and Other Bodies","Justice","ALOB"
"org_2022",2022,,"Animal and Plant Health Agency","Environment, Food and Rural Affairs","APHA"
"org_2022",2022,,"Building Digital UK","Digital, Culture, Media & Sport","BDUK"
"org_2022",2022,,"Department for Business, Energy and Industrial Strategy","Business, Energy and Industrial Strategy","BEIS"
"org_2022",2022,,"Charity Commission","Charity Commission","CC"
"org_2022",2022,,"Crown Commercial Service","Cabinet Office","CCS"
"org_2022",2022,,"Centre for Environment, Fisheries and Aquaculture Science","Environment, Food and Rural Affairs","CEFAS"
"org_2022",2022,,"Companies House","Business, Energy and Industrial Strategy","CH"
"org_2022",2022,,"Criminal Injuries Compensation Authority","Justice","CICA"
"org_2022",2022,,"Competition and Markets Authority","Business, Energy and Industrial Strategy","CMA"
"org_2022",2022,,"Cabinet Office","Cabinet Office","CO"
"org_2022",2022,,"Crown Office and Procurator Fiscal Service","Scottish Government","COPFS"
"org_2022",2022,,"Crown Prosecution Service","Attorney General's Departments","CPS"
"org_2022",2022,,"Department for Digital, Culture, Media and Sport","Digital, Culture, Media and Sport","DCMS"
"org_2022",2022,,"Defence Electronics and Components Agency","Defence","DECA"
"org_2022",2022,,"Department for Environment, Food and Rural Affairs","Environment, Food and Rural Affairs","DEFRA"
"org_2022",2022,,"Defence Equipment and Support","Defence","DES"
"org_2022",2022,,"Department for Education","Education","DFE"
"org_2022",2022,,"Department for Transport","Transport","DFT"
"org_2022",2022,,"Department of Health and Social Care","Health and Social Care","DHSC"
"org_2022",2022,,"Department for International Trade","International Trade","DIT"
"org_2022",2022,,"Department for Levelling Up, Housing and Communities","Levelling Up, Housing and Communities","DLUHC"
"org_2022",2022,,"UK Debt Management Office","HM Treasury Group","DMO"
"org_2022",2022,,"Disclosure Scotland","Scottish Government","DS"
"org_2022",2022,,"Dstl","Defence","DSTL"
"org_2022",2022,,"Driver and Vehicle Licensing Agency","Transport","DVLA"
"org_2022",2022,,"Driver and Vehicle Standards Agency","Transport","DVSA"
"org_2022",2022,,"Department for Work and Pensions","Work and Pensions","DWP"
"org_2022",2022,,"Education Scotland","Scottish Government","ES"
"org_2022",2022,,"Estyn","Estyn","ESTYN"
"org_2022",2022,,"Foreign, Commonwealth and Development Office","Foreign, Commonwealth and Development Office","FCDO"
"org_2022",2022,,"FCDO Services","Foreign, Commonwealth and Development Office","FCDOS"
"org_2022",2022,,"Forestry and Land Scotland","Scottish Government","FLS"
"org_2022",2022,,"Food Standards Agency","Food Standards Agency","FSA"
"org_2022",2022,,"Food Standards Scotland","Scottish Government","FSS"
"org_2022",2022,,"Government Actuary's Department","Government Actuary's Department","GAD"
"org_2022",2022,,"Government Internal Audit Agency","HM Treasury Group","GIAA"
"org_2022",2022,,"Government Legal Department","Government Legal Department","GLD"
"org_2022",2022,,"Government Property Agency","Cabinet Office","GPA"
"org_2022",2022,,"HM CPS Inspectorate","Attorney General's Departments","HMCPSI"
"org_2022",2022,,"HM Courts and Tribunals Service","Justice","HMCTS"
"org_2022",2022,,"Her Majesty's Inspectorate of Constabulary and Fire and Rescue Services","HM Inspectorate of Constabulary and Fire & Rescue Services","HMICFR"
"org_2022",2022,,"HM Land Registry","Business, Energy and Industrial Strategy","HMLR"
"org_2022",2022,,"HM Prison and Probation Service Headquarters","Justice","HMPPHQ"
"org_2022",2022,,"HM Prison Service","Justice","HMPS"
"org_2022",2022,,"HM Revenue and Customs","HM Revenue & Customs","HMRC"
"org_2022",2022,,"HM Treasury","HM Treasury Group","HMT"
"org_2022",2022,,"Home Office","Home Office","HO"
"org_2022",2022,,"Health and Safety Executive","Work and Pensions","HSE"
"org_2022",2022,,"Institute for Apprenticeships and Technical Education","Institute for Apprenticeships and Technical Education","IFATE"
"org_2022",2022,,"The Insolvency Service","Business, Energy and Industrial Strategy","INSS"
"org_2022",2022,,"Intellectual Property Office","Business, Energy and Industrial Strategy","IPO"
"org_2022",2022,,"Legal Aid Agency","Justice","LAA"
"org_2022",2022,,"Maritime and Coastguard Agency","Transport","MCA"
"org_2022",2022,,"Met Office","Business, Energy and Industrial Strategy","MET"
"org_2022",2022,,"Medicines and Healthcare products Regulatory Agency","Health and Social Care","MHRA"
"org_2022",2022,,"Ministry of Defence","Defence","MOD"
"org_2022",2022,,"Ministry of Justice Headquarters","Justice","MOJHQ"
"org_2022",2022,,"National Crime Agency","National Crime Agency","NCA"
"org_2022",2022,,"National Infrastructure Commission","HM Treasury Group","NIC"
"org_2022",2022,,"National Records of Scotland","Scottish Government","NRS"
"org_2022",2022,,"National Savings and Investments","National Savings and Investments","NSANDI"
"org_2022",2022,,"Office of Gas and Electricity Markets","Ofgem","OFGEM"
"org_2022",2022,,"Office of Qualifications and Examinations Regulation","Office of Qualifications and Examinations Regulation","OFQUAL"
"org_2022",2022,,"Ofsted","Ofsted","OFSTED"
"org_2022",2022,,"Water Regulation Services Authority (Ofwat)","Water Regulation Services Authority (Ofwat)","OFWAT"
"org_2022",2022,,"Office for National Statistics","UK Statistics Authority","ONS"
"org_2022",2022,,"Office of the Public Guardian","Justice","OPG"
"org_2022",2022,,"Office of Rail and Road","Office of Rail and Road","ORR"
"org_2022",2022,,"Office of the Scottish Charity Regulator","Scottish Government","OSCR"
"org_2022",2022,,"Planning Inspectorate","Levelling Up, Housing and Communities","PINS"
"org_2022",2022,,"Probation Service","Justice","PS"
"org_2022",2022,,"Registers of Scotland","Scottish Government","ROS"
"org_2022",2022,,"Rural Payments Agency","Environment, Food and Rural Affairs","RPA"
"org_2022",2022,,"Revenue Scotland","Scottish Government","RS"
"org_2022",2022,,"Student Awards Agency Scotland","Scottish Government","SAAS"
"org_2022",2022,,"Scottish Courts and Tribunals Service","Scottish Government","SCTS"
"org_2022",2022,,"Submarine Delivery Agency","Defence","SDA"
"org_2022",2022,,"Scottish Forestry","Scottish Government","SF"
"org_2022",2022,,"Serious Fraud Office","Attorney General's Departments","SFO"
"org_2022",2022,,"Scottish Government","Scottish Government","SG"
"org_2022",2022,,"Scottish Housing Regulator","Scottish Government","SHR"
"org_2022",2022,,"UK Space Agency","Business, Energy and Industrial Strategy","SPACE"
"org_2022",2022,,"Scottish Public Pensions Agency","Scottish Government","SPPA"
"org_2022",2022,,"Scottish Prison Service","Scottish Government","SPS"
"org_2022",2022,,"Social Security Scotland","Scottish Government","SSS"
"org_2022",2022,,"Scotland, Wales and Northern Ireland Offices, and the Office of the Advocate General","Territorial Offices","SWNIO"
"org_2022",2022,,"The National Archives","Digital, Culture, Media and Sport","TNA"
"org_2022",2022,,"Transport Scotland","Scottish Government","TS"
"org_2022",2022,,"UK Export Finance","UK Export Finance","UKEF"
"org_2022",2022,,"UK Hydrographic Office","Defence","UKHO"
"org_2022",2022,,"UK Health Security Agency","Health and Social Care","UKHSA"
"org_2022",2022,,"UK Statistics Authority","UK Statistics Authority","UKSA"
"org_2022",2022,,"Vehicle Certification Agency","Transport","VCA"
"org_2022",2022,,"Veterinary Medicines Directorate","Environment, Food and Rural Affairs","VMD"
"org_2022",2022,,"Valuation Office Agency","HM Revenue & Customs","VOA"
"org_2022",2022,,"Welsh Government","Welsh Government","WG"
"org_2022",2022,,"Wilton Park","Foreign and Commonwealth Office","WPEA"
"org_2022",2022,,"Welsh Revenue Authority","Welsh Revenue Authority","WRA"
"org_2022",2022,,"Ministry of Justice group (including agencies)","Justice","MOJ_GROUP"
"org_2022",2022,,"UK Statistics Authority group (including ONS)","UK Statistics Authority","UKSA_GROUP"
"org_2023",2023,,"All civil servants (mean score)","All Civil Servants","CS_MEAN"
"org_2023",2023,,"Acas","Department for Business and Trade","ACAS"
"org_2023",2023,,"Attorney General's Office","Attorney General's Departments","AGO"
"org_2023",2023,,"Accountant in Bankruptcy","Scottish Government","AIB"
"org_2023",2023,,"Ministry of Justice Arm's Length and Other Bodies","Justice","ALOB"
"org_2023",2023,,"Animal and Plant Health Agency","Environment, Food and Rural Affairs","APHA"
"org_2023",2023,,"Active Travel England","Transport","ATE"
"org_2023",2023,,"Building Digital UK","Department for Science, Innovation and Technology","BDUK"
"org_2023",2023,,"Charity Commission","Charity Commission","CC"
"org_2023",2023,,"Crown Commercial Service","Cabinet Office","CCS"
"org_2023",2023,,"Centre for Environment, Fisheries and Aquaculture Science","Environment, Food and Rural Affairs","CEFAS"
"org_2023",2023,,"Companies House","Department for Business and Trade","CH"
"org_2023",2023,,"Criminal Injuries Compensation Authority","Justice","CICA"
"org_2023",2023,,"Competition and Markets Authority","Department for Business and Trade","CMA"
"org_2023",2023,,"Cabinet Office","Cabinet Office","CO"
"org_2023",2023,,"Crown Office and Procurator Fiscal Service","Scottish Government","COPFS"
"org_2023",2023,,"Crown Prosecution Service","Attorney General's Departments","CPS"
"org_2023",2023,,"Department for Business and Trade","Department for Business and Trade","DBT"
"org_2023",2023,,"Department for Culture, Media and Sport","Culture, Media and Sport","DCMS"
"org_2023",2023,,"Department for Environment, Food and Rural Affairs","Environment, Food and Rural Affairs","DEFRA"
"org_2023",2023,,"Defence Equipment and Support","Defence","DES"
"org_2023",2023,,"Department for Energy Security and Net Zero","Energy Security and Net Zero","DESNZ"
"org_2023",2023,,"Department for Education","Education","DFE"
"org_2023",2023,,"Department for Transport","Transport","DFT"
"org_2023",2023,,"Department of Health and Social Care","Health and Social Care","DHSC"
"org_2023",2023,,"Department for Levelling Up, Housing and Communities","Levelling Up, Housing and Communities","DLUHC"
"org_2023",2023,,"UK Debt Management Office","HM Treasury Group","DMO"
"org_2023",2023,,"Disclosure Scotland","Scottish Government","DS"
"org_2023",2023,,"Department for Science, Innovation and Technology","Department for Science, Innovation and Technology","DSIT"
"org_2023",2023,,"Dstl","Defence","DSTL"
"org_2023",2023,,"Driver and Vehicle Licensing Agency","Transport","DVLA"
"org_2023",2023,,"Driver and Vehicle Standards Agency","Transport","DVSA"
"org_2023",2023,,"Department for Work and Pensions","Work and Pensions","DWP"
"org_2023",2023,,"Education Scotland","Scottish Government","ES"
"org_2023",2023,,"Estyn","Estyn","ESTYN"
"org_2023",2023,,"Foreign, Commonwealth and Development Office","Foreign, Commonwealth and Development Office","FCDO"
"org_2023",2023,,"FCDO Services","Foreign, Commonwealth and Development Office","FCDOS"
"org_2023",2023,,"Forestry and Land Scotland","Scottish Government","FLS"
"org_2023",2023,,"Food Standards Agency","Food Standards Agency","FSA"
"org_2023",2023,,"Food Standards Scotland","Scottish Government","FSS"
"org_2023",2023,,"Government Actuary's Department","Government Actuary's Department","GAD"
"org_2023",2023,,"Government Internal Audit Agency","HM Treasury Group","GIAA"
"org_2023",2023,,"Government Legal Department","Government Legal Department","GLD"
"org_2023",2023,,"Government Property Agency","Cabinet Office","GPA"
"org_2023",2023,,"HM CPS Inspectorate","Attorney General's Departments","HMCPSI"
"org_2023",2023,,"HM Courts and Tribunals Service","Justice","HMCTS"
"org_2023",2023,,"HM Inspectorate of Constabulary and Fire and Rescue Services","HM Inspectorate of Constabulary and Fire & Rescue Services","HMICFR"
"org_2023",2023,,"HM Land Registry","Levelling Up, Housing and Communities","HMLR"
"org_2023",2023,,"HM Prison and Probation Service Headquarters","Justice","HMPPHQ"
"org_2023",2023,,"HM Prison Service","Justice","HMPS"
"org_2023",2023,,"HM Revenue and Customs","HM Revenue & Customs","HMRC"
"org_2023",2023,,"HM Treasury","HM Treasury Group","HMT"
"org_2023",2023,,"Home Office","Home Office","HO"
"org_2023",2023,,"Health and Safety Executive","Work and Pensions","HSE"
"org_2023",2023,,"Institute for Apprenticeships and Technical Education","Institute for Apprenticeships and Technical Education","IFATE"
"org_2023",2023,,"The Insolvency Service","Department for Business and Trade","INSS"
"org_2023",2023,,"Intellectual Property Office","Department for Science, Innovation and Technology","IPO"
"org_2023",2023,,"Legal Aid Agency","Justice","LAA"
"org_2023",2023,,"Maritime and Coastguard Agency","Transport","MCA"
"org_2023",2023,,"Met Office","Department for Science, Innovation and Technology","MET"
"org_2023",2023,,"Medicines and Healthcare products Regulatory Agency","Health and Social Care","MHRA"
"org_2023",2023,,"Ministry of Defence","Defence","MOD"
"org_2023",2023,,"Ministry of Justice Headquarters","Justice","MOJHQ"
"org_2023",2023,,"National Crime Agency","National Crime Agency","NCA"
"org_2023",2023,,"National Infrastructure Commission","HM Treasury Group","NIC"
"org_2023",2023,,"National Records of Scotland","Scottish Government","NRS"
"org_2023",2023,,"National Savings and Investments","National Savings and Investments","NSANDI"
"org_2023",2023,,"Office of Gas and Electricity Markets","Ofgem","OFGEM"
"org_2023",2023,,"Office of Qualifications and Examinations Regulation","Office of Qualifications and Examinations Regulation","OFQUAL"
"org_2023",2023,,"Ofsted","Ofsted","OFSTED"
"org_2023",2023,,"Water Regulation Services Authority (Ofwat)","Water Regulation Services Authority (Ofwat)","OFWAT"
"org_2023",2023,,"Office for National Statistics","UK Statistics Authority","ONS"
"org_2023",2023,,"Office of the Public Guardian","Justice","OPG"
"org_2023",2023,,"Office of Rail and Road","Office of Rail and Road","ORR"
"org_2023",2023,,"Office of the Scottish Charity Regulator","Scottish Government","OSCR"
"org_2023",2023,,"Planning Inspectorate","Levelling Up, Housing and Communities","PINS"
"org_2023",2023,,"Probation Service","Justice","PS"
"org_2023",2023,,"Registers of Scotland","Scottish Government","ROS"
"org_2023",2023,,"Rural Payments Agency","Environment, Food and Rural Affairs","RPA"
"org_2023",2023,,"Revenue Scotland","Scottish Government","RS"
"org_2023",2023,,"Student Awards Agency Scotland","Scottish Government","SAAS"
"org_2023",2023,,"Scottish Courts and Tribunals Service","Scottish Government","SCTS"
"org_2023",2023,,"Submarine Delivery Agency","Defence","SDA"
"org_2023",2023,,"Scottish Forestry","Scottish Government","SF"
"org_2023",2023,,"Serious Fraud Office","Attorney General's Departments","SFO"
"org_2023",2023,,"Scottish Government","Scottish Government","SG"
"org_2023",2023,,"Scottish Housing Regulator","Scottish Government","SHR"
"org_2023",2023,,"UK Space Agency","Department for Science, Innovation and Technology","SPACE"
"org_2023",2023,,"Scottish Public Pensions Agency","Scottish Government","SPPA"
"org_2023",2023,,"Scottish Prison Service","Scottish Government","SPS"
"org_2023",2023,,"Social Security Scotland","Scottish Government","SSS"
"org_2023",2023,,"Scotland, Wales and Northern Ireland Offices, and the Office of the Advocate General","Territorial Offices","SWNIO"
"org_2023",2023,,"The National Archives","Culture, Media and Sport","TNA"
"org_2023",2023,,"Transport Scotland","Scottish Government","TS"
"org_2023",2023,,"UK Export Finance","UK Export Finance","UKEF"
"org_2023",2023,,"UK Hydrographic Office","Defence","UKHO"
"org_2023",2023,,"UK Health Security Agency","Health and Social Care","UKHSA"
"org_2023",2023,,"UK Statistics Authority","UK Statistics Authority","UKSA"
"org_2023",2023,,"Vehicle Certification Agency","Transport","VCA"
"org_2023",2023,,"Veterinary Medicines Directorate","Environment, Food and Rural Affairs","VMD"
"org_2023",2023,,"Valuation Office Agency","HM Revenue & Customs","VOA"
"org_2023",2023,,"Welsh Government","Welsh Government","WG"
"org_2023",2023,,"Wilton Park","Foreign, Commonwealth and Development Office","WPEA"
"org_2023",2023,,"Welsh Revenue Authority","Welsh Revenue Authority","WRA"
"org_2023",2023,,"Ministry of Justice group (including agencies)","Justice","MOJ_GROUP"
"org_2023",2023,,"UK Statistics Authority group (including ONS)","UK Statistics Authority","UKSA_GROUP"
"org_2024",2024,,"All civil servants (mean score)","All Civil Servants","CS_MEAN"
"org_2024",2024,,"Acas","Department for Business and Trade","ACAS"
"org_2024",2024,,"Attorney General's Office","Attorney General's Departments","AGO"
"org_2024",2024,,"Accountant in Bankruptcy","Scottish Government","AIB"
"org_2024",2024,,"Ministry of Justice Arm's Length and Other Bodies","Justice","ALOB"
"org_2024",2024,,"Animal and Plant Health Agency","Environment, Food and Rural Affairs","APHA"
"org_2024",2024,,"Active Travel England","Transport","ATE"
"org_2024",2024,,"Building Digital UK","Department for Science, Innovation and Technology","BDUK"
"org_2024",2024,,"Charity Commission","Charity Commission","CC"
"org_2024",2024,,"Crown Commercial Service","Cabinet Office","CCS"
"org_2024",2024,,"Centre for Environment, Fisheries and Aquaculture Science","Environment, Food and Rural Affairs","CEFAS"
"org_2024",2024,,"Companies House","Department for Business and Trade","CH"
"org_2024",2024,,"Criminal Injuries Compensation Authority","Justice","CICA"
"org_2024",2024,,"Competition and Markets Authority","Department for Business and Trade","CMA"
"org_2024",2024,,"Cabinet Office","Cabinet Office","CO"
"org_2024",2024,,"Crown Office and Procurator Fiscal Service","Scottish Government","COPFS"
"org_2024",2024,,"Crown Prosecution Service","Attorney General's Departments","CPS"
"org_2024",2024,,"Department for Business and Trade","Department for Business and Trade","DBT"
"org_2024",2024,,"Department for Culture, Media and Sport","Culture, Media and Sport","DCMS"
"org_2024",2024,,"Department for Environment, Food and Rural Affairs","Environment, Food and Rural Affairs","DEFRA"
"org_2024",2024,,"Defence Equipment and Support","Defence","DES"
"org_2024",2024,,"Department for Energy Security and Net Zero","Energy Security and Net Zero","DESNZ"
"org_2024",2024,,"Department for Education","Education","DFE"
"org_2024",2024,,"Department for Transport","Transport","DFT"
"org_2024",2024,,"Department of Health and Social Care","Health and Social Care","DHSC"
"org_2024",2024,,"UK Debt Management Office","HM Treasury Group","DMO"
"org_2024",2024,,"Disclosure Scotland","Scottish Government","DS"
"org_2024",2024,,"Department for Science, Innovation and Technology","Department for Science, Innovation and Technology","DSIT"
"org_2024",2024,,"Dstl","Defence","DSTL"
"org_2024",2024,,"Driver and Vehicle Licensing Agency","Transport","DVLA"
"org_2024",2024,,"Driver and Vehicle Standards Agency","Transport","DVSA"
"org_2024",2024,,"Department for Work and Pensions","Work and Pensions","DWP"
"org_2024",2024,,"Education Scotland","Scottish Government","ES"
"org_2024",2024,,"Estyn","Estyn","ESTYN"
"org_2024",2024,,"Foreign, Commonwealth and Development Office","Foreign, Commonwealth and Development Office","FCDO"
"org_2024",2024,,"FCDO Services","Foreign, Commonwealth and Development Office","FCDOS"
"org_2024",2024,,"Forestry and Land Scotland","Scottish Government","FLS"
"org_2024",2024,,"Food Standards Agency","Food Standards Agency","FSA"
"org_2024",2024,,"Food Standards Scotland","Scottish Government","FSS"
"org_2024",2024,,"Government Actuary's Department","Government Actuary's Department","GAD"
"org_2024",2024,,"Government Internal Audit Agency","HM Treasury Group","GIAA"
"org_2024",2024,,"Government Legal Department","Government Legal Department","GLD"
"org_2024",2024,,"Government Property Agency","Cabinet Office","GPA"
"org_2024",2024,,"HM CPS Inspectorate","Attorney General's Departments","HMCPSI"
"org_2024",2024,,"HM Courts and Tribunals Service","Justice","HMCTS"
"org_2024",2024,,"HM Inspectorate of Constabulary and Fire and Rescue Services","HM Inspectorate of Constabulary and Fire and Rescue Services","HMICFR"
"org_2024",2024,,"HM Land Registry","Ministry of Housing, Communities and Local Government","HMLR"
"org_2024",2024,,"HM Prison and Probation Service Headquarters","Justice","HMPPHQ"
"org_2024",2024,,"HM Prison Service","Justice","HMPS"
"org_2024",2024,,"HM Revenue and Customs","HM Revenue and Customs","HMRC"
"org_2024",2024,,"HM Treasury","HM Treasury Group","HMT"
"org_2024",2024,,"Home Office","Home Office","HO"
"org_2024",2024,,"Health and Safety Executive","Work and Pensions","HSE"
"org_2024",2024,,"Institute for Apprenticeships and Technical Education","Institute for Apprenticeships and Technical Education","IFATE"
"org_2024",2024,,"The Insolvency Service","Department for Business and Trade","INSS"
"org_2024",2024,,"Intellectual Property Office","Department for Science, Innovation and Technology","IPO"
"org_2024",2024,,"Legal Aid Agency","Justice","LAA"
"org_2024",2024,,"Maritime and Coastguard Agency","Transport","MCA"
"org_2024",2024,,"Met Office","Department for Science, Innovation and Technology","MET"
"org_2024",2024,,"Ministry of Housing, Communities and Local Government","Ministry of Housing, Communities and Local Government","MHCLG"
"org_2024",2024,,"Medicines and Healthcare products Regulatory Agency","Health and Social Care","MHRA"
"org_2024",2024,,"Ministry of Defence","Defence","MOD"
"org_2024",2024,,"Ministry of Justice Headquarters","Justice","MOJHQ"
"org_2024",2024,,"National Crime Agency","National Crime Agency","NCA"
"org_2024",2024,,"National Infrastructure Commission","HM Treasury Group","NIC"
"org_2024",2024,,"National Records of Scotland","Scottish Government","NRS"
"org_2024",2024,,"National Savings and Investments","National Savings and Investments","NSANDI"
"org_2024",2024,,"Office of Gas and Electricity Markets","Ofgem","OFGEM"
"org_2024",2024,,"Office of Qualifications and Examinations Regulation","Office of Qualifications and Examinations Regulation","OFQUAL"
"org_2024",2024,,"Ofsted","Ofsted","OFSTED"
"org_2024",2024,,"Water Services Regulation Authority (Ofwat)","Water Services Regulation Authority (Ofwat)","OFWAT"
"org_2024",2024,,"Office for National Statistics","UK Statistics Authority","ONS"
"org_2024",2024,,"Office of the Public Guardian","Justice","OPG"
"org_2024",2024,,"Office of Rail and Road","Office of Rail and Road","ORR"
"org_2024",2024,,"Office of the Scottish Charity Regulator","Scottish Government","OSCR"
"org_2024",2024,,"Planning Inspectorate","Ministry of Housing, Communities and Local Government","PINS"
"org_2024",2024,,"Probation Service","Justice","PS"
"org_2024",2024,,"Registers of Scotland","Scottish Government","ROS"
"org_2024",2024,,"Rural Payments Agency","Environment, Food and Rural Affairs","RPA"
"org_2024",2024,,"Revenue Scotland","Scottish Government","RS"
"org_2024",2024,,"Student Awards Agency Scotland","Scottish Government","SAAS"
"org_2024",2024,,"Scottish Courts and Tribunals Service","Scottish Government","SCTS"
"org_2024",2024,,"Submarine Delivery Agency","Defence","SDA"
"org_2024",2024,,"Scottish Forestry","Scottish Government","SF"
"org_2024",2024,,"Serious Fraud Office","Attorney General's Departments","SFO"
"org_2024",2024,,"Scottish Government","Scottish Government","SG"
"org_2024",2024,,"Scottish Housing Regulator","Scottish Government","SHR"
"org_2024",2024,,"UK Space Agency","Department for Science, Innovation and Technology","SPACE"
"org_2024",2024,,"Scottish Public Pensions Agency","Scottish Government","SPPA"
"org_2024",2024,,"Scottish Prison Service","Scottish Government","SPS"
"org_2024",2024,,"Social Security Scotland","Scottish Government","SSS"
"org_2024",2024,,"Scotland, Wales and Northern Ireland Offices, and the Office of the Advocate General","Territorial Offices","SWNIO"
"org_2024",2024,,"The National Archives","Culture, Media and Sport","TNA"
"org_2024",2024,,"Transport Scotland","Scottish Government","TS"
"org_2024",2024,,"UK Export Finance","UK Export Finance","UKEF"
"org_2024",2024,,"UK Hydrographic Office","Defence","UKHO"
"org_2024",2024,,"UK Health Security Agency","Health and Social Care","UKHSA"
"org_2024",2024,,"UK Statistics Authority","UK Statistics Authority","UKSA"
"org_2024",2024,,"Vehicle Certification Agency","Transport","VCA"
"org_2024",2024,,"Veterinary Medicines Directorate","Environment, Food and Rural Affairs","VMD"
"org_2024",2024,,"Valuation Office Agency","HM Revenue and Customs","VOA"
"org_2024",2024,,"Welsh Government","Welsh Government","WG"
"org_2024",2024,,"Wilton Park","Foreign, Commonwealth and Development Office","WPEA"
"org_2024",2024,,"Welsh Revenue Authority","Welsh Revenue Authority","WRA"
"org_2024",2024,,"Ministry of Justice group (including agencies)","Justice","MOJ_GROUP"
"org_2024",2024,,"UK Statistics Authority group (including ONS)","UK Statistics Authority","UKSA_GROUP"
